species,length,weight,w_l_ratio
Anabas testudineus,10.66,3.45,0.32
Anabas testudineus,6.91,3.27,0.47
Anabas testudineus,8.38,3.46,0.41
Anabas testudineus,7.57,3.36,0.44
Anabas testudineus,10.83,3.38,0.31
Anabas testudineus,9.35,3.28,0.35
Anabas testudineus,9.42,3.33,0.35
Anabas testudineus,7.92,3.13,0.39
Anabas testudineus,6.98,3.16,0.45
Anabas testudineus,8.42,3.26,0.39
Anabas testudineus,8.03,3.4,0.42
Anabas testudineus,10.27,3.16,0.31
Anabas testudineus,8.43,3.33,0.39
Anabas testudineus,7.0,3.2,0.46
Anabas testudineus,7.46,3.25,0.44
Anabas testudineus,9.41,3.21,0.34
Anabas testudineus,6.64,3.2,0.48
Anabas testudineus,8.17,3.3,0.4
Anabas testudineus,8.85,3.07,0.35
Anabas testudineus,7.83,3.16,0.4
Anabas testudineus,10.19,3.24,0.32
Anabas testudineus,9.21,3.36,0.36
Anabas testudineus,6.67,3.31,0.5
Anabas testudineus,8.25,3.32,0.4
Anabas testudineus,7.21,3.4,0.47
Anabas testudineus,9.52,3.23,0.34
Anabas testudineus,7.13,3.2,0.45
Anabas testudineus,8.97,3.25,0.36
Anabas testudineus,6.74,3.11,0.46
Anabas testudineus,7.54,3.21,0.43
Anabas testudineus,10.81,3.26,0.3
Anabas testudineus,10.56,3.41,0.32
Anabas testudineus,7.48,3.11,0.42
Anabas testudineus,8.74,3.37,0.39
Anabas testudineus,8.78,3.24,0.37
Anabas testudineus,7.16,3.48,0.49
Anabas testudineus,9.47,3.45,0.36
Anabas testudineus,7.1,3.26,0.46
Anabas testudineus,7.23,3.31,0.46
Anabas testudineus,7.88,3.3,0.42
Anabas testudineus,8.31,3.35,0.4
Anabas testudineus,7.28,3.2,0.44
Anabas testudineus,7.52,3.15,0.42
Anabas testudineus,6.88,3.29,0.48
Anabas testudineus,8.51,3.48,0.41
Anabas testudineus,9.21,3.12,0.34
Anabas testudineus,8.25,3.17,0.38
Anabas testudineus,10.13,3.34,0.33
Anabas testudineus,9.84,3.42,0.35
Anabas testudineus,8.67,3.31,0.38
Anabas testudineus,8.17,3.3,0.4
Anabas testudineus,7.45,3.09,0.41
Anabas testudineus,9.45,3.32,0.35
Anabas testudineus,7.28,3.3,0.45
Anabas testudineus,9.92,3.33,0.34
Anabas testudineus,9.26,3.25,0.35
Anabas testudineus,6.94,3.29,0.47
Anabas testudineus,8.03,3.29,0.41
Anabas testudineus,9.81,3.39,0.35
Anabas testudineus,7.61,3.29,0.43
Anabas testudineus,7.87,3.24,0.41
Anabas testudineus,6.7,3.24,0.48
Anabas testudineus,7.81,3.37,0.43
Anabas testudineus,9.74,3.26,0.34
Anabas testudineus,8.14,3.17,0.39
Anabas testudineus,7.89,3.25,0.41
Anabas testudineus,7.34,3.25,0.44
Anabas testudineus,6.86,3.34,0.49
Anabas testudineus,7.16,3.2,0.45
Anabas testudineus,9.43,3.27,0.35
Anabas testudineus,10.58,3.37,0.32
Anabas testudineus,7.69,3.31,0.43
Anabas testudineus,6.39,3.06,0.48
Anabas testudineus,8.53,3.39,0.4
Anabas testudineus,7.94,3.18,0.4
Anabas testudineus,9.73,3.32,0.34
Anabas testudineus,9.83,3.35,0.34
Anabas testudineus,9.3,3.17,0.34
Anabas testudineus,7.68,3.41,0.44
Anabas testudineus,6.85,3.26,0.48
Anabas testudineus,8.39,3.26,0.39
Anabas testudineus,8.77,3.34,0.38
Anabas testudineus,8.74,3.32,0.38
Anabas testudineus,6.87,3.23,0.47
Anabas testudineus,8.31,3.35,0.4
Anabas testudineus,9.34,3.18,0.34
Anabas testudineus,7.23,3.31,0.46
Anabas testudineus,7.33,3.45,0.47
Anabas testudineus,6.7,3.22,0.48
Anabas testudineus,7.77,3.06,0.39
Anabas testudineus,6.79,3.18,0.47
Anabas testudineus,7.22,3.28,0.45
Anabas testudineus,8.54,3.08,0.36
Anabas testudineus,7.41,3.11,0.42
Anabas testudineus,6.63,3.18,0.48
Anabas testudineus,7.2,3.47,0.48
Anabas testudineus,7.31,3.26,0.45
Anabas testudineus,8.94,3.29,0.37
Anabas testudineus,7.06,3.29,0.47
Anabas testudineus,9.4,3.44,0.37
Anabas testudineus,7.35,3.29,0.45
Anabas testudineus,8.58,3.24,0.38
Anabas testudineus,7.17,3.34,0.47
Anabas testudineus,9.41,3.31,0.35
Anabas testudineus,8.41,3.12,0.37
Anabas testudineus,7.01,3.25,0.46
Anabas testudineus,6.54,3.35,0.51
Anabas testudineus,7.08,3.25,0.46
Anabas testudineus,8.26,3.18,0.39
Anabas testudineus,8.1,3.12,0.39
Anabas testudineus,7.02,3.25,0.46
Anabas testudineus,8.15,3.27,0.4
Anabas testudineus,7.77,3.46,0.44
Anabas testudineus,9.58,3.29,0.34
Anabas testudineus,8.72,3.22,0.37
Anabas testudineus,8.58,3.44,0.4
Anabas testudineus,8.04,3.29,0.41
Anabas testudineus,7.53,3.06,0.41
Anabas testudineus,7.75,3.32,0.43
Anabas testudineus,8.41,3.24,0.38
Anabas testudineus,7.64,3.19,0.42
Anabas testudineus,10.19,3.42,0.34
Anabas testudineus,7.18,3.41,0.48
Anabas testudineus,10.58,3.38,0.32
Anabas testudineus,8.22,3.31,0.4
Anabas testudineus,8.34,3.4,0.41
Anabas testudineus,9.99,3.42,0.34
Anabas testudineus,8.57,3.25,0.38
Anabas testudineus,8.74,3.22,0.37
Anabas testudineus,7.3,3.38,0.46
Anabas testudineus,8.49,3.23,0.38
Anabas testudineus,8.62,3.24,0.38
Anabas testudineus,6.79,3.4,0.5
Anabas testudineus,9.59,3.35,0.35
Anabas testudineus,6.57,3.29,0.5
Anabas testudineus,7.9,3.33,0.42
Anabas testudineus,7.67,3.34,0.44
Anabas testudineus,9.62,3.23,0.34
Anabas testudineus,7.57,3.09,0.41
Anabas testudineus,8.21,3.31,0.4
Anabas testudineus,7.06,3.02,0.43
Anabas testudineus,9.57,3.33,0.35
Anabas testudineus,8.45,3.26,0.39
Anabas testudineus,6.98,3.34,0.48
Anabas testudineus,6.53,3.34,0.51
Anabas testudineus,6.68,3.23,0.48
Anabas testudineus,7.84,3.16,0.4
Anabas testudineus,7.34,3.16,0.43
Anabas testudineus,8.73,3.36,0.39
Anabas testudineus,8.08,3.29,0.41
Anabas testudineus,8.27,3.33,0.4
Anabas testudineus,7.92,3.26,0.41
Anabas testudineus,7.03,3.23,0.46
Anabas testudineus,6.7,3.14,0.47
Anabas testudineus,7.19,3.14,0.44
Anabas testudineus,10.76,3.2,0.3
Anabas testudineus,9.97,3.58,0.36
Anabas testudineus,6.5,3.17,0.49
Anabas testudineus,8.34,3.19,0.38
Anabas testudineus,7.44,3.26,0.44
Anabas testudineus,8.98,3.28,0.37
Anabas testudineus,7.21,3.12,0.43
Anabas testudineus,6.9,3.22,0.47
Anabas testudineus,7.82,3.16,0.4
Anabas testudineus,7.64,3.22,0.42
Anabas testudineus,9.44,3.39,0.36
Anabas testudineus,7.07,3.11,0.44
Anabas testudineus,9.59,3.31,0.35
Anabas testudineus,8.63,3.26,0.38
Anabas testudineus,8.16,3.36,0.41
Anabas testudineus,7.61,3.35,0.44
Anabas testudineus,6.84,3.34,0.49
Anabas testudineus,10.71,3.42,0.32
Anabas testudineus,6.9,3.14,0.45
Anabas testudineus,7.53,3.13,0.42
Anabas testudineus,8.86,3.35,0.38
Anabas testudineus,8.77,3.36,0.38
Anabas testudineus,6.5,3.18,0.49
Anabas testudineus,9.12,3.35,0.37
Anabas testudineus,8.36,3.36,0.4
Anabas testudineus,7.57,3.35,0.44
Anabas testudineus,7.55,3.16,0.42
Anabas testudineus,10.59,3.25,0.31
Anabas testudineus,8.77,3.11,0.35
Anabas testudineus,7.2,3.33,0.46
Anabas testudineus,8.94,3.39,0.38
Anabas testudineus,8.0,3.23,0.4
Anabas testudineus,7.68,3.15,0.41
Anabas testudineus,9.27,3.28,0.35
Anabas testudineus,9.03,3.37,0.37
Anabas testudineus,6.36,3.25,0.51
Anabas testudineus,7.85,3.37,0.43
Anabas testudineus,7.05,3.21,0.45
Anabas testudineus,9.18,3.43,0.37
Anabas testudineus,8.64,3.38,0.39
Anabas testudineus,8.64,3.12,0.36
Anabas testudineus,7.04,3.37,0.48
Anabas testudineus,7.29,3.43,0.47
Anabas testudineus,7.46,3.31,0.44
Anabas testudineus,9.06,3.29,0.36
Anabas testudineus,8.78,3.21,0.37
Anabas testudineus,9.33,3.38,0.36
Anabas testudineus,7.18,3.15,0.44
Anabas testudineus,8.25,3.18,0.39
Anabas testudineus,7.02,3.25,0.46
Anabas testudineus,9.13,3.43,0.38
Anabas testudineus,7.99,3.28,0.41
Anabas testudineus,8.78,3.11,0.35
Anabas testudineus,8.54,3.33,0.39
Anabas testudineus,6.51,3.35,0.51
Anabas testudineus,6.68,3.2,0.48
Anabas testudineus,8.95,3.3,0.37
Anabas testudineus,9.35,3.34,0.36
Anabas testudineus,6.82,3.21,0.47
Anabas testudineus,8.87,3.29,0.37
Anabas testudineus,7.55,3.26,0.43
Anabas testudineus,7.56,3.24,0.43
Anabas testudineus,8.64,3.41,0.39
Anabas testudineus,8.92,3.4,0.38
Anabas testudineus,9.33,3.36,0.36
Anabas testudineus,8.03,3.34,0.42
Anabas testudineus,7.61,3.19,0.42
Anabas testudineus,9.79,3.3,0.34
Anabas testudineus,9.8,3.24,0.33
Anabas testudineus,10.42,3.35,0.32
Anabas testudineus,9.34,3.3,0.35
Anabas testudineus,9.53,3.25,0.34
Anabas testudineus,8.95,3.27,0.36
Anabas testudineus,8.1,3.26,0.4
Anabas testudineus,7.07,3.27,0.46
Anabas testudineus,7.29,3.28,0.45
Anabas testudineus,9.21,3.37,0.37
Anabas testudineus,6.84,3.26,0.48
Anabas testudineus,8.39,3.15,0.38
Anabas testudineus,7.74,3.16,0.41
Anabas testudineus,8.49,3.33,0.39
Anabas testudineus,6.53,3.31,0.51
Anabas testudineus,7.19,3.2,0.44
Anabas testudineus,8.48,3.28,0.39
Anabas testudineus,6.98,3.31,0.47
Anabas testudineus,7.42,3.24,0.44
Anabas testudineus,8.06,3.29,0.41
Anabas testudineus,10.14,3.33,0.33
Anabas testudineus,9.41,3.18,0.34
Anabas testudineus,6.89,3.16,0.46
Anabas testudineus,8.23,3.14,0.38
Anabas testudineus,6.67,3.33,0.5
Anabas testudineus,7.36,3.13,0.43
Anabas testudineus,9.9,3.37,0.34
Anabas testudineus,8.41,3.31,0.39
Anabas testudineus,8.95,3.26,0.36
Anabas testudineus,6.53,3.05,0.47
Anabas testudineus,10.78,3.26,0.3
Anabas testudineus,9.66,3.36,0.35
Anabas testudineus,8.35,3.31,0.4
Anabas testudineus,6.87,3.14,0.46
Anabas testudineus,6.86,3.22,0.47
Anabas testudineus,8.54,3.24,0.38
Anabas testudineus,8.12,3.1,0.38
Anabas testudineus,10.31,3.2,0.31
Anabas testudineus,6.71,3.31,0.49
Anabas testudineus,9.47,3.44,0.36
Anabas testudineus,8.71,3.36,0.39
Anabas testudineus,7.9,3.16,0.4
Anabas testudineus,9.68,3.51,0.36
Anabas testudineus,8.92,3.24,0.36
Anabas testudineus,8.02,3.28,0.41
Anabas testudineus,8.79,3.36,0.38
Anabas testudineus,7.4,3.21,0.43
Anabas testudineus,7.36,3.22,0.44
Anabas testudineus,7.17,3.18,0.44
Anabas testudineus,7.49,3.08,0.41
Anabas testudineus,7.71,3.16,0.41
Anabas testudineus,7.69,3.16,0.41
Anabas testudineus,6.98,3.08,0.44
Anabas testudineus,9.47,3.53,0.37
Anabas testudineus,7.71,3.28,0.42
Anabas testudineus,6.75,3.22,0.48
Anabas testudineus,7.3,3.26,0.45
Anabas testudineus,8.73,3.33,0.38
Anabas testudineus,7.22,3.12,0.43
Anabas testudineus,7.05,3.34,0.47
Anabas testudineus,8.91,3.2,0.36
Anabas testudineus,8.1,3.19,0.39
Anabas testudineus,7.16,3.25,0.45
Anabas testudineus,7.06,3.23,0.46
Anabas testudineus,6.39,3.21,0.5
Anabas testudineus,8.94,3.18,0.36
Anabas testudineus,6.61,3.1,0.47
Anabas testudineus,6.58,3.15,0.48
Anabas testudineus,7.05,3.24,0.46
Anabas testudineus,8.0,3.34,0.42
Anabas testudineus,8.45,3.32,0.39
Anabas testudineus,7.8,3.15,0.4
Anabas testudineus,9.17,3.38,0.37
Anabas testudineus,9.24,3.11,0.34
Anabas testudineus,7.55,3.34,0.44
Anabas testudineus,7.33,3.16,0.43
Anabas testudineus,8.59,3.19,0.37
Anabas testudineus,7.94,3.23,0.41
Anabas testudineus,10.2,3.5,0.34
Anabas testudineus,7.48,3.21,0.43
Anabas testudineus,8.63,3.31,0.38
Anabas testudineus,8.66,3.35,0.39
Anabas testudineus,7.72,3.17,0.41
Anabas testudineus,6.52,3.35,0.51
Anabas testudineus,7.98,3.14,0.39
Anabas testudineus,10.62,3.45,0.33
Anabas testudineus,7.47,3.22,0.43
Anabas testudineus,7.51,3.18,0.42
Anabas testudineus,8.17,3.28,0.4
Anabas testudineus,7.84,3.17,0.4
Anabas testudineus,8.98,3.26,0.36
Anabas testudineus,8.65,3.34,0.39
Anabas testudineus,9.18,3.38,0.37
Anabas testudineus,8.98,3.26,0.36
Anabas testudineus,7.37,3.14,0.43
Anabas testudineus,7.95,3.37,0.42
Anabas testudineus,7.66,3.36,0.44
Anabas testudineus,8.8,3.42,0.39
Anabas testudineus,9.27,3.36,0.36
Anabas testudineus,7.05,3.24,0.46
Anabas testudineus,7.66,3.32,0.43
Anabas testudineus,9.13,3.32,0.36
Anabas testudineus,7.24,3.25,0.45
Anabas testudineus,7.58,3.23,0.43
Anabas testudineus,7.4,3.29,0.44
Anabas testudineus,8.68,3.38,0.39
Anabas testudineus,8.17,3.28,0.4
Anabas testudineus,10.45,3.46,0.33
Anabas testudineus,9.59,3.35,0.35
Anabas testudineus,8.27,3.15,0.38
Anabas testudineus,10.42,3.38,0.32
Anabas testudineus,7.76,3.22,0.42
Anabas testudineus,7.35,3.1,0.42
Anabas testudineus,8.42,3.27,0.39
Anabas testudineus,9.43,3.33,0.35
Anabas testudineus,9.63,3.27,0.34
Anabas testudineus,8.46,3.28,0.39
Anabas testudineus,6.72,3.14,0.47
Anabas testudineus,7.06,3.28,0.46
Anabas testudineus,8.82,3.25,0.37
Anabas testudineus,10.22,3.45,0.34
Anabas testudineus,9.39,3.38,0.36
Anabas testudineus,9.5,3.36,0.35
Anabas testudineus,9.87,3.35,0.34
Anabas testudineus,7.17,3.39,0.47
Anabas testudineus,7.64,3.38,0.44
Anabas testudineus,10.35,3.44,0.33
Anabas testudineus,8.22,3.22,0.39
Anabas testudineus,6.55,3.27,0.5
Anabas testudineus,7.01,3.24,0.46
Anabas testudineus,10.16,3.38,0.33
Anabas testudineus,6.37,3.25,0.51
Anabas testudineus,7.15,3.2,0.45
Anabas testudineus,9.85,3.25,0.33
Anabas testudineus,7.32,3.28,0.45
Anabas testudineus,8.47,3.44,0.41
Anabas testudineus,8.67,3.31,0.38
Anabas testudineus,9.26,3.34,0.36
Anabas testudineus,8.59,3.18,0.37
Anabas testudineus,7.76,3.24,0.42
Anabas testudineus,7.8,3.34,0.43
Anabas testudineus,6.88,3.34,0.48
Anabas testudineus,7.52,3.09,0.41
Anabas testudineus,7.35,3.22,0.44
Anabas testudineus,10.39,3.27,0.31
Anabas testudineus,6.86,3.15,0.46
Anabas testudineus,7.23,3.16,0.44
Anabas testudineus,8.1,3.27,0.4
Anabas testudineus,9.1,3.3,0.36
Anabas testudineus,8.57,3.36,0.39
Anabas testudineus,7.17,3.16,0.44
Anabas testudineus,7.73,3.17,0.41
Anabas testudineus,8.57,3.16,0.37
Anabas testudineus,8.11,3.06,0.38
Anabas testudineus,7.97,3.24,0.41
Anabas testudineus,8.26,3.26,0.39
Anabas testudineus,7.7,3.34,0.43
Anabas testudineus,8.4,3.27,0.39
Anabas testudineus,7.57,3.16,0.42
Anabas testudineus,7.0,3.21,0.46
Anabas testudineus,6.6,3.17,0.48
Anabas testudineus,8.92,3.24,0.36
Anabas testudineus,9.65,3.21,0.33
Anabas testudineus,7.98,3.22,0.4
Anabas testudineus,6.54,3.43,0.52
Anabas testudineus,8.34,3.12,0.37
Anabas testudineus,6.43,3.21,0.5
Anabas testudineus,10.19,3.32,0.33
Anabas testudineus,7.53,3.34,0.44
Anabas testudineus,7.44,3.11,0.42
Anabas testudineus,9.12,3.42,0.38
Anabas testudineus,8.24,3.37,0.41
Anabas testudineus,8.83,3.27,0.37
Anabas testudineus,7.94,3.18,0.4
Anabas testudineus,9.66,3.51,0.36
Anabas testudineus,8.11,3.1,0.38
Anabas testudineus,7.28,3.13,0.43
Anabas testudineus,7.29,3.36,0.46
Anabas testudineus,6.67,3.27,0.49
Anabas testudineus,9.5,3.42,0.36
Anabas testudineus,10.04,3.41,0.34
Anabas testudineus,9.31,3.39,0.36
Anabas testudineus,8.89,3.21,0.36
Anabas testudineus,7.92,3.38,0.43
Anabas testudineus,10.04,3.51,0.35
Anabas testudineus,7.21,3.26,0.45
Anabas testudineus,8.47,3.34,0.39
Anabas testudineus,7.03,3.34,0.48
Anabas testudineus,7.76,3.29,0.42
Anabas testudineus,7.47,3.34,0.45
Anabas testudineus,8.19,3.21,0.39
Anabas testudineus,8.64,3.29,0.38
Anabas testudineus,7.56,3.31,0.44
Anabas testudineus,9.64,3.41,0.35
Anabas testudineus,11.01,3.47,0.31
Anabas testudineus,10.37,3.45,0.33
Anabas testudineus,8.81,3.19,0.36
Anabas testudineus,9.2,3.12,0.34
Anabas testudineus,6.98,3.43,0.49
Anabas testudineus,8.89,3.36,0.38
Anabas testudineus,6.76,3.16,0.47
Anabas testudineus,9.82,3.17,0.32
Anabas testudineus,8.47,3.25,0.38
Anabas testudineus,9.35,3.44,0.37
Anabas testudineus,7.97,3.28,0.41
Anabas testudineus,7.71,3.34,0.43
Anabas testudineus,6.74,3.23,0.48
Anabas testudineus,9.78,3.29,0.34
Anabas testudineus,7.33,3.39,0.46
Anabas testudineus,7.55,3.06,0.41
Anabas testudineus,9.45,3.34,0.35
Anabas testudineus,7.19,3.15,0.44
Anabas testudineus,6.81,3.27,0.48
Anabas testudineus,7.66,3.24,0.42
Anabas testudineus,8.42,3.18,0.38
Anabas testudineus,10.52,3.46,0.33
Anabas testudineus,7.9,3.21,0.41
Anabas testudineus,7.28,3.08,0.42
Anabas testudineus,8.98,3.25,0.36
Anabas testudineus,7.12,3.25,0.46
Anabas testudineus,7.52,3.29,0.44
Anabas testudineus,8.47,3.32,0.39
Anabas testudineus,10.15,3.33,0.33
Anabas testudineus,6.72,3.19,0.48
Anabas testudineus,6.65,3.26,0.49
Anabas testudineus,8.57,3.58,0.42
Anabas testudineus,7.04,3.09,0.44
Anabas testudineus,7.57,3.26,0.43
Anabas testudineus,6.85,3.22,0.47
Anabas testudineus,9.18,3.14,0.34
Anabas testudineus,7.7,3.38,0.44
Anabas testudineus,9.95,3.29,0.33
Anabas testudineus,8.47,3.32,0.39
Anabas testudineus,7.06,3.12,0.44
Anabas testudineus,6.96,3.25,0.47
Anabas testudineus,7.97,3.28,0.41
Anabas testudineus,8.74,3.35,0.38
Anabas testudineus,6.89,3.27,0.48
Anabas testudineus,6.9,3.18,0.46
Anabas testudineus,8.5,3.4,0.4
Anabas testudineus,10.02,3.21,0.32
Anabas testudineus,9.03,3.17,0.35
Anabas testudineus,6.91,3.17,0.46
Anabas testudineus,7.28,3.08,0.42
Anabas testudineus,8.35,3.27,0.39
Anabas testudineus,8.18,3.25,0.4
Anabas testudineus,6.98,3.22,0.46
Anabas testudineus,6.39,3.37,0.53
Anabas testudineus,7.34,3.22,0.44
Anabas testudineus,8.42,3.15,0.37
Anabas testudineus,7.09,3.18,0.45
Anabas testudineus,9.65,3.24,0.34
Anabas testudineus,7.37,3.19,0.43
Anabas testudineus,9.12,3.08,0.34
Coilia dussumieri,23.27,2.43,0.1
Coilia dussumieri,24.15,2.34,0.1
Coilia dussumieri,25.16,2.87,0.11
Coilia dussumieri,24.21,2.61,0.11
Coilia dussumieri,25.0,3.06,0.12
Coilia dussumieri,22.97,2.55,0.11
Coilia dussumieri,24.17,2.3,0.1
Coilia dussumieri,23.81,2.8,0.12
Coilia dussumieri,24.68,2.42,0.1
Coilia dussumieri,24.24,2.46,0.1
Coilia dussumieri,23.78,2.48,0.1
Coilia dussumieri,23.15,2.76,0.12
Coilia dussumieri,23.9,3.01,0.13
Coilia dussumieri,24.96,2.56,0.1
Coilia dussumieri,25.45,3.23,0.13
Coilia dussumieri,24.88,2.7,0.11
Coilia dussumieri,24.44,2.75,0.11
Coilia dussumieri,23.75,3.0,0.13
Coilia dussumieri,24.09,3.11,0.13
Coilia dussumieri,23.62,2.54,0.11
Coilia dussumieri,25.08,2.53,0.1
Coilia dussumieri,24.54,2.66,0.11
Coilia dussumieri,24.21,2.86,0.12
Coilia dussumieri,23.62,3.17,0.13
Coilia dussumieri,24.94,2.89,0.12
Coilia dussumieri,25.46,2.93,0.12
Coilia dussumieri,25.19,3.23,0.13
Coilia dussumieri,23.5,2.77,0.12
Coilia dussumieri,25.08,2.93,0.12
Coilia dussumieri,23.19,2.88,0.12
Coilia dussumieri,24.19,2.72,0.11
Coilia dussumieri,23.93,2.72,0.11
Coilia dussumieri,24.85,2.34,0.09
Coilia dussumieri,24.21,2.34,0.1
Coilia dussumieri,24.67,3.29,0.13
Coilia dussumieri,25.43,2.24,0.09
Coilia dussumieri,25.05,2.84,0.11
Coilia dussumieri,24.89,2.86,0.12
Coilia dussumieri,25.43,3.13,0.12
Coilia dussumieri,24.31,2.69,0.11
Coilia dussumieri,24.78,2.63,0.11
Coilia dussumieri,24.81,2.78,0.11
Coilia dussumieri,24.37,2.6,0.11
Coilia dussumieri,23.5,2.79,0.12
Coilia dussumieri,23.97,3.03,0.13
Coilia dussumieri,24.6,3.05,0.12
Coilia dussumieri,24.59,2.67,0.11
Coilia dussumieri,25.3,2.8,0.11
Coilia dussumieri,23.66,3.02,0.13
Coilia dussumieri,23.64,2.55,0.11
Coilia dussumieri,24.52,2.77,0.11
Coilia dussumieri,23.66,2.62,0.11
Coilia dussumieri,24.64,2.76,0.11
Coilia dussumieri,24.0,2.69,0.11
Coilia dussumieri,23.68,2.63,0.11
Coilia dussumieri,23.52,2.41,0.1
Coilia dussumieri,24.6,2.66,0.11
Coilia dussumieri,24.63,3.08,0.12
Coilia dussumieri,23.83,2.93,0.12
Coilia dussumieri,23.56,3.15,0.13
Coilia dussumieri,24.23,2.72,0.11
Coilia dussumieri,23.71,2.96,0.12
Coilia dussumieri,24.25,2.74,0.11
Coilia dussumieri,25.0,2.76,0.11
Coilia dussumieri,25.08,2.67,0.11
Coilia dussumieri,25.19,2.9,0.12
Coilia dussumieri,24.75,2.67,0.11
Coilia dussumieri,23.7,2.93,0.12
Coilia dussumieri,23.14,2.43,0.1
Coilia dussumieri,24.33,2.85,0.12
Coilia dussumieri,24.37,2.51,0.1
Coilia dussumieri,25.36,2.82,0.11
Coilia dussumieri,24.44,2.72,0.11
Coilia dussumieri,25.15,2.66,0.11
Coilia dussumieri,24.74,2.09,0.08
Coilia dussumieri,24.59,2.49,0.1
Coilia dussumieri,23.49,2.33,0.1
Coilia dussumieri,23.33,3.15,0.13
Coilia dussumieri,23.98,3.16,0.13
Coilia dussumieri,24.98,2.86,0.11
Coilia dussumieri,23.42,2.44,0.1
Coilia dussumieri,23.46,2.87,0.12
Coilia dussumieri,24.89,2.77,0.11
Coilia dussumieri,25.16,3.0,0.12
Coilia dussumieri,24.75,2.93,0.12
Coilia dussumieri,24.74,2.84,0.11
Coilia dussumieri,24.54,3.43,0.14
Coilia dussumieri,24.56,2.67,0.11
Coilia dussumieri,24.66,2.91,0.12
Coilia dussumieri,24.36,2.85,0.12
Coilia dussumieri,24.36,2.88,0.12
Coilia dussumieri,24.41,2.62,0.11
Coilia dussumieri,24.97,2.63,0.11
Coilia dussumieri,23.3,2.46,0.11
Coilia dussumieri,25.28,3.02,0.12
Coilia dussumieri,23.87,2.72,0.11
Coilia dussumieri,23.65,2.74,0.12
Coilia dussumieri,25.64,2.83,0.11
Coilia dussumieri,24.98,2.52,0.1
Coilia dussumieri,22.69,2.76,0.12
Coilia dussumieri,23.51,2.88,0.12
Coilia dussumieri,24.1,2.71,0.11
Coilia dussumieri,23.51,2.3,0.1
Coilia dussumieri,23.46,2.64,0.11
Coilia dussumieri,24.11,2.94,0.12
Coilia dussumieri,25.47,2.94,0.12
Coilia dussumieri,25.44,2.48,0.1
Coilia dussumieri,24.46,2.83,0.12
Coilia dussumieri,23.78,2.71,0.11
Coilia dussumieri,24.5,2.67,0.11
Coilia dussumieri,23.74,2.75,0.12
Coilia dussumieri,24.62,3.15,0.13
Coilia dussumieri,23.05,2.86,0.12
Coilia dussumieri,24.21,2.95,0.12
Coilia dussumieri,24.2,2.57,0.11
Coilia dussumieri,24.97,2.53,0.1
Coilia dussumieri,23.83,3.03,0.13
Coilia dussumieri,25.1,2.86,0.11
Coilia dussumieri,24.56,2.49,0.1
Coilia dussumieri,24.0,3.07,0.13
Coilia dussumieri,25.32,2.92,0.12
Coilia dussumieri,25.48,2.52,0.1
Coilia dussumieri,23.58,2.58,0.11
Coilia dussumieri,24.68,2.58,0.1
Coilia dussumieri,25.05,3.14,0.13
Coilia dussumieri,24.09,2.82,0.12
Coilia dussumieri,25.47,2.76,0.11
Coilia dussumieri,24.55,2.35,0.1
Coilia dussumieri,25.46,3.36,0.13
Coilia dussumieri,24.75,2.32,0.09
Coilia dussumieri,24.74,2.93,0.12
Coilia dussumieri,23.92,2.97,0.12
Coilia dussumieri,24.17,2.76,0.11
Coilia dussumieri,23.47,2.93,0.13
Coilia dussumieri,24.37,2.74,0.11
Coilia dussumieri,23.93,2.86,0.12
Coilia dussumieri,25.68,2.79,0.11
Coilia dussumieri,24.86,2.85,0.11
Coilia dussumieri,24.58,2.67,0.11
Coilia dussumieri,25.59,2.95,0.12
Coilia dussumieri,24.52,3.18,0.13
Coilia dussumieri,24.24,2.64,0.11
Coilia dussumieri,24.63,3.1,0.13
Coilia dussumieri,24.87,2.74,0.11
Coilia dussumieri,24.09,2.85,0.12
Coilia dussumieri,24.16,2.63,0.11
Coilia dussumieri,24.54,2.77,0.11
Coilia dussumieri,25.14,2.6,0.1
Coilia dussumieri,24.72,3.17,0.13
Coilia dussumieri,23.91,2.56,0.11
Coilia dussumieri,24.28,2.98,0.12
Coilia dussumieri,24.29,2.59,0.11
Coilia dussumieri,24.53,2.65,0.11
Coilia dussumieri,24.7,2.97,0.12
Coilia dussumieri,24.86,2.46,0.1
Coilia dussumieri,24.3,3.16,0.13
Coilia dussumieri,23.85,2.94,0.12
Coilia dussumieri,24.71,2.89,0.12
Coilia dussumieri,24.34,2.77,0.11
Coilia dussumieri,24.54,2.36,0.1
Coilia dussumieri,23.9,2.57,0.11
Coilia dussumieri,24.64,2.98,0.12
Coilia dussumieri,23.98,3.3,0.14
Coilia dussumieri,24.0,3.17,0.13
Coilia dussumieri,24.15,3.12,0.13
Coilia dussumieri,24.21,2.49,0.1
Coilia dussumieri,25.17,2.6,0.1
Coilia dussumieri,24.58,2.51,0.1
Coilia dussumieri,24.96,2.48,0.1
Coilia dussumieri,24.22,2.51,0.1
Coilia dussumieri,25.15,2.82,0.11
Coilia dussumieri,24.1,2.62,0.11
Coilia dussumieri,24.23,2.86,0.12
Coilia dussumieri,24.47,2.9,0.12
Coilia dussumieri,24.99,2.81,0.11
Coilia dussumieri,24.1,2.69,0.11
Coilia dussumieri,23.94,3.02,0.13
Coilia dussumieri,24.04,3.03,0.13
Coilia dussumieri,24.82,2.97,0.12
Coilia dussumieri,25.04,2.68,0.11
Coilia dussumieri,24.55,2.92,0.12
Coilia dussumieri,24.62,2.68,0.11
Coilia dussumieri,24.55,2.77,0.11
Coilia dussumieri,24.63,2.38,0.1
Coilia dussumieri,25.62,2.6,0.1
Coilia dussumieri,24.98,2.72,0.11
Coilia dussumieri,23.14,2.55,0.11
Coilia dussumieri,24.1,2.43,0.1
Coilia dussumieri,24.8,2.46,0.1
Coilia dussumieri,24.24,2.89,0.12
Coilia dussumieri,23.79,2.77,0.12
Coilia dussumieri,24.29,2.4,0.1
Coilia dussumieri,25.01,2.6,0.1
Coilia dussumieri,24.5,2.97,0.12
Coilia dussumieri,25.24,3.15,0.12
Coilia dussumieri,24.69,2.27,0.09
Coilia dussumieri,24.38,2.71,0.11
Coilia dussumieri,23.83,3.02,0.13
Coilia dussumieri,23.52,3.21,0.14
Coilia dussumieri,24.81,2.58,0.1
Coilia dussumieri,23.85,2.49,0.1
Coilia dussumieri,25.04,2.71,0.11
Coilia dussumieri,23.41,2.98,0.13
Coilia dussumieri,24.9,2.68,0.11
Coilia dussumieri,23.48,2.74,0.12
Coilia dussumieri,24.69,2.82,0.11
Coilia dussumieri,24.42,2.6,0.11
Coilia dussumieri,25.49,2.69,0.11
Coilia dussumieri,24.03,2.69,0.11
Coilia dussumieri,25.02,2.64,0.11
Coilia dussumieri,25.4,2.94,0.12
Coilia dussumieri,24.43,2.88,0.12
Coilia dussumieri,24.58,2.23,0.09
Coilia dussumieri,23.34,2.69,0.12
Coilia dussumieri,24.97,2.61,0.1
Coilia dussumieri,23.57,3.2,0.14
Coilia dussumieri,24.1,2.61,0.11
Coilia dussumieri,22.98,3.27,0.14
Coilia dussumieri,24.51,2.74,0.11
Coilia dussumieri,24.16,2.73,0.11
Coilia dussumieri,24.71,3.02,0.12
Coilia dussumieri,25.42,2.88,0.11
Coilia dussumieri,24.14,2.51,0.1
Coilia dussumieri,25.76,3.02,0.12
Coilia dussumieri,23.8,2.5,0.11
Coilia dussumieri,24.14,2.85,0.12
Coilia dussumieri,24.59,3.07,0.12
Coilia dussumieri,25.06,2.9,0.12
Coilia dussumieri,24.99,2.67,0.11
Coilia dussumieri,23.92,2.87,0.12
Coilia dussumieri,24.76,2.86,0.12
Coilia dussumieri,23.3,2.64,0.11
Coilia dussumieri,23.97,2.65,0.11
Coilia dussumieri,24.17,3.01,0.12
Coilia dussumieri,23.18,2.92,0.13
Coilia dussumieri,25.02,3.04,0.12
Coilia dussumieri,24.65,2.82,0.11
Coilia dussumieri,24.3,2.99,0.12
Coilia dussumieri,23.99,2.54,0.11
Coilia dussumieri,24.41,2.96,0.12
Coilia dussumieri,25.25,2.9,0.11
Coilia dussumieri,24.76,3.01,0.12
Coilia dussumieri,24.05,2.3,0.1
Coilia dussumieri,24.6,2.52,0.1
Coilia dussumieri,25.53,2.15,0.08
Coilia dussumieri,23.58,3.0,0.13
Coilia dussumieri,23.31,3.17,0.14
Coilia dussumieri,23.15,3.23,0.14
Coilia dussumieri,24.03,2.94,0.12
Coilia dussumieri,24.02,2.38,0.1
Coilia dussumieri,24.39,3.09,0.13
Coilia dussumieri,23.57,2.84,0.12
Coilia dussumieri,24.68,2.5,0.1
Coilia dussumieri,23.6,2.6,0.11
Coilia dussumieri,23.64,2.74,0.12
Coilia dussumieri,22.73,2.71,0.12
Coilia dussumieri,23.72,2.62,0.11
Coilia dussumieri,25.4,2.46,0.1
Coilia dussumieri,24.45,3.07,0.13
Coilia dussumieri,24.08,2.87,0.12
Coilia dussumieri,24.43,2.62,0.11
Coilia dussumieri,24.66,2.88,0.12
Coilia dussumieri,24.65,2.62,0.11
Coilia dussumieri,24.1,2.69,0.11
Coilia dussumieri,25.58,2.57,0.1
Coilia dussumieri,24.12,2.47,0.1
Coilia dussumieri,25.28,2.78,0.11
Coilia dussumieri,24.04,2.73,0.11
Coilia dussumieri,24.06,3.07,0.13
Coilia dussumieri,23.22,2.45,0.11
Coilia dussumieri,23.69,2.27,0.1
Coilia dussumieri,24.71,2.54,0.1
Coilia dussumieri,22.62,2.37,0.1
Coilia dussumieri,25.32,2.85,0.11
Coilia dussumieri,24.33,2.67,0.11
Coilia dussumieri,24.88,2.91,0.12
Coilia dussumieri,24.09,2.2,0.09
Coilia dussumieri,24.58,2.58,0.11
Coilia dussumieri,23.45,2.94,0.13
Coilia dussumieri,22.86,2.73,0.12
Coilia dussumieri,24.63,2.7,0.11
Coilia dussumieri,23.35,2.33,0.1
Coilia dussumieri,25.58,3.12,0.12
Coilia dussumieri,23.84,2.99,0.13
Coilia dussumieri,24.66,2.54,0.1
Coilia dussumieri,24.75,2.57,0.1
Coilia dussumieri,24.08,2.6,0.11
Coilia dussumieri,24.62,2.52,0.1
Coilia dussumieri,24.95,2.8,0.11
Coilia dussumieri,23.73,2.3,0.1
Coilia dussumieri,25.11,2.47,0.1
Coilia dussumieri,24.76,2.75,0.11
Coilia dussumieri,24.78,2.51,0.1
Coilia dussumieri,25.25,2.72,0.11
Coilia dussumieri,23.62,2.72,0.12
Coilia dussumieri,24.69,2.42,0.1
Coilia dussumieri,23.94,2.82,0.12
Coilia dussumieri,24.85,3.55,0.14
Coilia dussumieri,23.77,2.71,0.11
Coilia dussumieri,24.13,2.75,0.11
Coilia dussumieri,23.95,2.41,0.1
Coilia dussumieri,24.36,3.15,0.13
Coilia dussumieri,24.19,2.52,0.1
Coilia dussumieri,25.02,3.0,0.12
Coilia dussumieri,24.53,2.44,0.1
Coilia dussumieri,25.36,3.04,0.12
Coilia dussumieri,25.4,2.94,0.12
Coilia dussumieri,24.2,2.65,0.11
Coilia dussumieri,23.33,3.0,0.13
Coilia dussumieri,24.05,2.64,0.11
Coilia dussumieri,23.86,2.5,0.1
Coilia dussumieri,25.43,2.99,0.12
Coilia dussumieri,23.6,2.42,0.1
Coilia dussumieri,24.73,2.95,0.12
Coilia dussumieri,23.96,2.52,0.11
Coilia dussumieri,24.28,2.48,0.1
Coilia dussumieri,24.64,2.66,0.11
Coilia dussumieri,24.24,2.19,0.09
Coilia dussumieri,23.3,2.74,0.12
Coilia dussumieri,24.85,2.81,0.11
Coilia dussumieri,25.4,2.69,0.11
Coilia dussumieri,24.25,2.61,0.11
Coilia dussumieri,24.75,3.0,0.12
Coilia dussumieri,25.57,2.29,0.09
Coilia dussumieri,23.94,2.92,0.12
Coilia dussumieri,24.73,2.9,0.12
Coilia dussumieri,23.85,2.76,0.12
Coilia dussumieri,24.04,2.47,0.1
Coilia dussumieri,24.55,2.78,0.11
Coilia dussumieri,22.79,3.13,0.14
Coilia dussumieri,22.86,2.65,0.12
Coilia dussumieri,24.24,2.45,0.1
Coilia dussumieri,24.12,2.83,0.12
Coilia dussumieri,24.67,2.87,0.12
Coilia dussumieri,24.82,2.92,0.12
Coilia dussumieri,23.92,2.47,0.1
Coilia dussumieri,23.81,2.92,0.12
Coilia dussumieri,24.22,2.97,0.12
Coilia dussumieri,23.94,2.66,0.11
Coilia dussumieri,24.34,2.85,0.12
Coilia dussumieri,24.41,2.88,0.12
Coilia dussumieri,23.86,2.86,0.12
Coilia dussumieri,24.46,2.67,0.11
Coilia dussumieri,24.13,2.83,0.12
Coilia dussumieri,22.97,3.23,0.14
Coilia dussumieri,24.04,2.47,0.1
Coilia dussumieri,24.62,2.33,0.09
Coilia dussumieri,25.16,3.04,0.12
Coilia dussumieri,24.33,2.37,0.1
Coilia dussumieri,23.05,2.52,0.11
Coilia dussumieri,24.83,2.89,0.12
Coilia dussumieri,23.89,2.6,0.11
Coilia dussumieri,25.0,2.05,0.08
Coilia dussumieri,23.67,2.42,0.1
Coilia dussumieri,24.65,2.58,0.1
Coilia dussumieri,25.72,2.82,0.11
Coilia dussumieri,24.53,2.51,0.1
Coilia dussumieri,25.05,2.63,0.1
Coilia dussumieri,25.13,2.34,0.09
Coilia dussumieri,23.2,2.73,0.12
Coilia dussumieri,23.97,3.14,0.13
Coilia dussumieri,23.29,3.0,0.13
Coilia dussumieri,23.61,3.06,0.13
Coilia dussumieri,23.76,2.72,0.11
Coilia dussumieri,24.87,2.48,0.1
Coilia dussumieri,23.57,2.71,0.11
Coilia dussumieri,23.78,2.82,0.12
Coilia dussumieri,24.53,2.88,0.12
Coilia dussumieri,24.49,2.75,0.11
Coilia dussumieri,24.68,2.65,0.11
Coilia dussumieri,23.86,2.7,0.11
Coilia dussumieri,24.51,2.88,0.12
Coilia dussumieri,24.09,2.94,0.12
Coilia dussumieri,24.25,2.48,0.1
Coilia dussumieri,23.76,2.45,0.1
Coilia dussumieri,23.87,2.43,0.1
Coilia dussumieri,24.81,2.67,0.11
Coilia dussumieri,23.53,2.61,0.11
Coilia dussumieri,24.58,3.05,0.12
Coilia dussumieri,24.54,2.88,0.12
Coilia dussumieri,24.2,2.57,0.11
Coilia dussumieri,24.33,2.98,0.12
Coilia dussumieri,24.56,2.33,0.1
Coilia dussumieri,25.02,2.74,0.11
Coilia dussumieri,23.64,3.15,0.13
Coilia dussumieri,23.38,2.59,0.11
Coilia dussumieri,24.83,2.61,0.11
Coilia dussumieri,24.37,3.1,0.13
Coilia dussumieri,24.45,2.88,0.12
Coilia dussumieri,24.05,2.82,0.12
Coilia dussumieri,23.69,2.46,0.1
Coilia dussumieri,25.1,2.77,0.11
Coilia dussumieri,24.73,2.6,0.11
Coilia dussumieri,24.54,2.63,0.11
Coilia dussumieri,24.01,3.05,0.13
Coilia dussumieri,24.27,2.33,0.1
Coilia dussumieri,22.92,2.33,0.1
Coilia dussumieri,23.72,2.62,0.11
Coilia dussumieri,24.56,3.29,0.13
Coilia dussumieri,23.54,2.66,0.11
Coilia dussumieri,24.89,2.81,0.11
Coilia dussumieri,24.02,2.47,0.1
Coilia dussumieri,24.28,2.98,0.12
Coilia dussumieri,23.79,3.17,0.13
Coilia dussumieri,25.0,2.81,0.11
Coilia dussumieri,24.28,2.73,0.11
Coilia dussumieri,23.26,2.5,0.11
Coilia dussumieri,24.61,2.59,0.11
Coilia dussumieri,24.86,2.45,0.1
Coilia dussumieri,24.49,2.97,0.12
Coilia dussumieri,25.42,3.05,0.12
Coilia dussumieri,24.71,3.58,0.14
Coilia dussumieri,25.17,2.38,0.09
Coilia dussumieri,23.75,2.4,0.1
Coilia dussumieri,24.71,2.74,0.11
Otolithoides biauritus,20.07,3.18,0.16
Otolithoides biauritus,17.21,3.23,0.19
Otolithoides biauritus,16.82,3.08,0.18
Otolithoides biauritus,17.72,3.18,0.18
Otolithoides biauritus,21.43,3.3,0.15
Otolithoides biauritus,19.14,3.26,0.17
Otolithoides biauritus,17.48,3.17,0.18
Otolithoides biauritus,18.36,3.24,0.18
Otolithoides biauritus,20.0,3.21,0.16
Otolithoides biauritus,19.66,3.16,0.16
Otolithoides biauritus,18.05,3.2,0.18
Otolithoides biauritus,21.6,3.34,0.15
Otolithoides biauritus,17.05,3.23,0.19
Otolithoides biauritus,20.59,3.32,0.16
Otolithoides biauritus,17.46,3.15,0.18
Otolithoides biauritus,17.96,3.17,0.18
Otolithoides biauritus,17.74,3.18,0.18
Otolithoides biauritus,21.29,3.32,0.16
Otolithoides biauritus,18.79,3.26,0.17
Otolithoides biauritus,17.55,3.18,0.18
Otolithoides biauritus,17.94,3.14,0.17
Otolithoides biauritus,18.53,3.18,0.17
Otolithoides biauritus,18.22,3.22,0.18
Otolithoides biauritus,16.7,3.07,0.18
Otolithoides biauritus,18.5,3.15,0.17
Otolithoides biauritus,20.17,3.25,0.16
Otolithoides biauritus,20.47,3.3,0.16
Otolithoides biauritus,16.91,3.15,0.19
Otolithoides biauritus,18.5,3.18,0.17
Otolithoides biauritus,19.97,3.23,0.16
Otolithoides biauritus,19.18,3.2,0.17
Otolithoides biauritus,20.08,3.32,0.17
Otolithoides biauritus,18.05,3.2,0.18
Otolithoides biauritus,19.82,3.27,0.16
Otolithoides biauritus,17.83,3.1,0.17
Otolithoides biauritus,17.35,3.21,0.18
Otolithoides biauritus,15.94,3.12,0.2
Otolithoides biauritus,17.36,3.18,0.18
Otolithoides biauritus,18.32,3.32,0.18
Otolithoides biauritus,19.0,3.29,0.17
Otolithoides biauritus,17.21,3.16,0.18
Otolithoides biauritus,21.31,3.31,0.16
Otolithoides biauritus,18.46,3.14,0.17
Otolithoides biauritus,16.71,3.12,0.19
Otolithoides biauritus,19.5,3.22,0.17
Otolithoides biauritus,17.51,3.12,0.18
Otolithoides biauritus,17.31,3.18,0.18
Otolithoides biauritus,20.82,3.3,0.16
Otolithoides biauritus,20.32,3.29,0.16
Otolithoides biauritus,18.05,3.16,0.18
Otolithoides biauritus,19.74,3.19,0.16
Otolithoides biauritus,21.42,3.43,0.16
Otolithoides biauritus,17.23,3.13,0.18
Otolithoides biauritus,20.17,3.35,0.17
Otolithoides biauritus,19.05,3.15,0.17
Otolithoides biauritus,18.16,3.1,0.17
Otolithoides biauritus,18.03,3.2,0.18
Otolithoides biauritus,18.16,3.2,0.18
Otolithoides biauritus,18.21,3.21,0.18
Otolithoides biauritus,20.48,3.36,0.16
Otolithoides biauritus,16.31,3.14,0.19
Otolithoides biauritus,19.19,3.16,0.16
Otolithoides biauritus,19.91,3.15,0.16
Otolithoides biauritus,17.68,3.16,0.18
Otolithoides biauritus,16.53,3.18,0.19
Otolithoides biauritus,18.64,3.14,0.17
Otolithoides biauritus,19.56,3.32,0.17
Otolithoides biauritus,17.58,3.18,0.18
Otolithoides biauritus,17.84,3.21,0.18
Otolithoides biauritus,19.36,3.18,0.16
Otolithoides biauritus,17.86,3.26,0.18
Otolithoides biauritus,18.72,3.19,0.17
Otolithoides biauritus,19.0,3.18,0.17
Otolithoides biauritus,19.55,3.19,0.16
Otolithoides biauritus,19.06,3.26,0.17
Otolithoides biauritus,17.56,3.19,0.18
Otolithoides biauritus,18.0,3.25,0.18
Otolithoides biauritus,16.99,3.2,0.19
Otolithoides biauritus,16.9,3.14,0.19
Otolithoides biauritus,19.3,3.32,0.17
Otolithoides biauritus,20.22,3.22,0.16
Otolithoides biauritus,19.16,3.32,0.17
Otolithoides biauritus,18.62,3.2,0.17
Otolithoides biauritus,18.63,3.11,0.17
Otolithoides biauritus,18.53,3.3,0.18
Otolithoides biauritus,19.83,3.36,0.17
Otolithoides biauritus,18.25,3.23,0.18
Otolithoides biauritus,17.94,3.2,0.18
Otolithoides biauritus,17.37,3.17,0.18
Otolithoides biauritus,18.2,3.16,0.17
Otolithoides biauritus,18.02,3.22,0.18
Otolithoides biauritus,18.67,3.18,0.17
Otolithoides biauritus,17.44,3.07,0.18
Otolithoides biauritus,20.86,3.23,0.15
Otolithoides biauritus,18.16,3.27,0.18
Otolithoides biauritus,19.39,3.22,0.17
Otolithoides biauritus,18.89,3.23,0.17
Otolithoides biauritus,20.8,3.24,0.16
Otolithoides biauritus,16.52,3.17,0.19
Otolithoides biauritus,18.11,3.14,0.17
Otolithoides biauritus,17.38,3.13,0.18
Otolithoides biauritus,17.98,3.17,0.18
Otolithoides biauritus,19.39,3.24,0.17
Otolithoides biauritus,16.25,3.17,0.19
Otolithoides biauritus,18.39,3.25,0.18
Otolithoides biauritus,16.98,3.11,0.18
Otolithoides biauritus,17.82,3.02,0.17
Otolithoides biauritus,17.95,3.22,0.18
Otolithoides biauritus,18.71,3.13,0.17
Otolithoides biauritus,18.35,3.16,0.17
Otolithoides biauritus,19.04,3.2,0.17
Otolithoides biauritus,17.02,3.21,0.19
Otolithoides biauritus,16.65,3.06,0.18
Otolithoides biauritus,17.78,3.18,0.18
Otolithoides biauritus,21.24,3.31,0.16
Otolithoides biauritus,18.34,3.11,0.17
Otolithoides biauritus,19.08,3.3,0.17
Otolithoides biauritus,21.08,3.24,0.15
Otolithoides biauritus,19.28,3.26,0.17
Otolithoides biauritus,18.2,3.24,0.18
Otolithoides biauritus,20.21,3.29,0.16
Otolithoides biauritus,18.48,3.19,0.17
Otolithoides biauritus,20.13,3.24,0.16
Otolithoides biauritus,17.6,3.22,0.18
Otolithoides biauritus,17.86,3.18,0.18
Otolithoides biauritus,16.82,3.06,0.18
Otolithoides biauritus,16.42,3.09,0.19
Otolithoides biauritus,17.87,3.21,0.18
Otolithoides biauritus,18.88,3.21,0.17
Otolithoides biauritus,18.98,3.28,0.17
Otolithoides biauritus,18.65,3.2,0.17
Otolithoides biauritus,20.07,3.24,0.16
Otolithoides biauritus,19.01,3.14,0.17
Otolithoides biauritus,21.36,3.34,0.16
Otolithoides biauritus,18.15,3.29,0.18
Otolithoides biauritus,18.69,3.3,0.18
Otolithoides biauritus,18.27,3.15,0.17
Otolithoides biauritus,16.96,3.06,0.18
Otolithoides biauritus,16.31,3.08,0.19
Otolithoides biauritus,18.22,3.16,0.17
Otolithoides biauritus,20.22,3.16,0.16
Otolithoides biauritus,17.42,3.08,0.18
Otolithoides biauritus,19.11,3.27,0.17
Otolithoides biauritus,18.66,3.06,0.16
Otolithoides biauritus,19.3,3.3,0.17
Otolithoides biauritus,16.39,3.17,0.19
Otolithoides biauritus,19.55,3.2,0.16
Otolithoides biauritus,19.47,3.23,0.17
Otolithoides biauritus,17.41,3.11,0.18
Otolithoides biauritus,18.59,3.22,0.17
Otolithoides biauritus,17.89,3.19,0.18
Otolithoides biauritus,19.68,3.17,0.16
Otolithoides biauritus,19.43,3.26,0.17
Otolithoides biauritus,19.26,3.14,0.16
Otolithoides biauritus,19.72,3.31,0.17
Otolithoides biauritus,18.7,3.15,0.17
Otolithoides biauritus,17.38,3.17,0.18
Otolithoides biauritus,17.39,3.11,0.18
Otolithoides biauritus,18.17,3.12,0.17
Otolithoides biauritus,19.14,3.32,0.17
Otolithoides biauritus,16.77,3.15,0.19
Otolithoides biauritus,19.17,3.26,0.17
Otolithoides biauritus,18.17,3.2,0.18
Otolithoides biauritus,17.78,3.19,0.18
Otolithoides biauritus,17.39,3.21,0.18
Otolithoides biauritus,20.39,3.41,0.17
Otolithoides biauritus,17.65,3.16,0.18
Otolithoides biauritus,16.92,3.17,0.19
Otolithoides biauritus,18.08,3.11,0.17
Otolithoides biauritus,20.27,3.36,0.17
Otolithoides biauritus,17.0,3.12,0.18
Otolithoides biauritus,18.02,3.2,0.18
Otolithoides biauritus,20.38,3.25,0.16
Otolithoides biauritus,17.56,3.18,0.18
Otolithoides biauritus,17.89,3.16,0.18
Otolithoides biauritus,18.57,3.28,0.18
Otolithoides biauritus,17.26,3.16,0.18
Otolithoides biauritus,19.83,3.23,0.16
Otolithoides biauritus,21.24,3.16,0.15
Otolithoides biauritus,19.1,3.19,0.17
Otolithoides biauritus,17.31,3.12,0.18
Otolithoides biauritus,17.25,3.26,0.19
Otolithoides biauritus,19.42,3.18,0.16
Otolithoides biauritus,18.14,3.15,0.17
Otolithoides biauritus,20.93,3.33,0.16
Otolithoides biauritus,18.68,3.23,0.17
Otolithoides biauritus,18.96,3.31,0.17
Otolithoides biauritus,20.29,3.25,0.16
Otolithoides biauritus,18.3,3.18,0.17
Otolithoides biauritus,19.49,3.19,0.16
Otolithoides biauritus,18.42,3.16,0.17
Otolithoides biauritus,18.1,3.18,0.18
Otolithoides biauritus,17.84,3.17,0.18
Otolithoides biauritus,20.58,3.19,0.16
Otolithoides biauritus,19.03,3.2,0.17
Otolithoides biauritus,19.65,3.24,0.16
Otolithoides biauritus,17.67,3.12,0.18
Otolithoides biauritus,16.85,3.1,0.18
Otolithoides biauritus,18.73,3.21,0.17
Otolithoides biauritus,16.19,3.13,0.19
Otolithoides biauritus,17.69,3.18,0.18
Otolithoides biauritus,20.96,3.4,0.16
Otolithoides biauritus,18.2,3.15,0.17
Otolithoides biauritus,16.5,3.17,0.19
Otolithoides biauritus,17.13,3.21,0.19
Otolithoides biauritus,19.71,3.21,0.16
Otolithoides biauritus,18.09,3.26,0.18
Otolithoides biauritus,19.02,3.2,0.17
Otolithoides biauritus,20.83,3.19,0.15
Otolithoides biauritus,20.54,3.35,0.16
Otolithoides biauritus,17.62,3.18,0.18
Otolithoides biauritus,18.67,3.27,0.18
Otolithoides biauritus,18.05,3.21,0.18
Otolithoides biauritus,17.02,3.08,0.18
Otolithoides biauritus,16.54,3.09,0.19
Otolithoides biauritus,17.87,3.25,0.18
Otolithoides biauritus,17.93,3.15,0.18
Otolithoides biauritus,20.11,3.25,0.16
Otolithoides biauritus,17.87,3.11,0.17
Otolithoides biauritus,21.95,3.35,0.15
Otolithoides biauritus,16.99,3.07,0.18
Otolithoides biauritus,18.64,3.24,0.17
Otolithoides biauritus,16.96,3.14,0.19
Otolithoides biauritus,18.29,3.17,0.17
Otolithoides biauritus,16.64,3.11,0.19
Otolithoides biauritus,17.94,3.14,0.18
Otolithoides biauritus,20.08,3.21,0.16
Otolithoides biauritus,20.04,3.21,0.16
Otolithoides biauritus,17.15,3.17,0.18
Otolithoides biauritus,20.39,3.14,0.15
Otolithoides biauritus,18.58,3.23,0.17
Otolithoides biauritus,16.61,3.17,0.19
Otolithoides biauritus,20.0,3.12,0.16
Otolithoides biauritus,20.69,3.21,0.16
Otolithoides biauritus,19.02,3.33,0.18
Otolithoides biauritus,17.44,3.2,0.18
Otolithoides biauritus,18.32,3.24,0.18
Otolithoides biauritus,18.85,3.15,0.17
Otolithoides biauritus,17.58,3.18,0.18
Otolithoides biauritus,19.55,3.26,0.17
Otolithoides biauritus,19.94,3.19,0.16
Otolithoides biauritus,18.75,3.26,0.17
Otolithoides biauritus,16.73,3.14,0.19
Otolithoides biauritus,16.85,3.18,0.19
Otolithoides biauritus,17.98,3.21,0.18
Otolithoides biauritus,17.97,3.18,0.18
Otolithoides biauritus,20.82,3.37,0.16
Otolithoides biauritus,20.55,3.21,0.16
Otolithoides biauritus,20.43,3.31,0.16
Otolithoides biauritus,18.97,3.31,0.17
Otolithoides biauritus,20.2,3.24,0.16
Otolithoides biauritus,19.5,3.31,0.17
Otolithoides biauritus,18.11,3.23,0.18
Otolithoides biauritus,17.98,3.2,0.18
Otolithoides biauritus,17.48,3.14,0.18
Otolithoides biauritus,19.24,3.27,0.17
Otolithoides biauritus,19.08,3.19,0.17
Otolithoides biauritus,17.35,3.14,0.18
Otolithoides biauritus,17.03,3.21,0.19
Otolithoides biauritus,16.68,3.11,0.19
Otolithoides biauritus,17.78,3.2,0.18
Otolithoides biauritus,19.32,3.2,0.17
Otolithoides biauritus,19.99,3.18,0.16
Otolithoides biauritus,17.72,3.03,0.17
Otolithoides biauritus,17.33,3.19,0.18
Otolithoides biauritus,16.73,3.18,0.19
Otolithoides biauritus,17.74,3.16,0.18
Otolithoides biauritus,17.77,3.16,0.18
Otolithoides biauritus,18.46,3.16,0.17
Otolithoides biauritus,18.26,3.22,0.18
Otolithoides biauritus,16.65,3.08,0.18
Otolithoides biauritus,18.98,3.23,0.17
Otolithoides biauritus,18.39,3.18,0.17
Otolithoides biauritus,16.91,3.1,0.18
Otolithoides biauritus,21.79,3.27,0.15
Otolithoides biauritus,18.5,3.19,0.17
Otolithoides biauritus,17.8,3.09,0.17
Otolithoides biauritus,20.47,3.13,0.15
Otolithoides biauritus,18.91,3.2,0.17
Otolithoides biauritus,20.18,3.29,0.16
Otolithoides biauritus,18.23,3.24,0.18
Otolithoides biauritus,17.88,3.18,0.18
Otolithoides biauritus,16.72,3.04,0.18
Otolithoides biauritus,19.63,3.32,0.17
Otolithoides biauritus,17.39,3.1,0.18
Otolithoides biauritus,19.56,3.23,0.17
Otolithoides biauritus,17.32,3.16,0.18
Otolithoides biauritus,19.38,3.2,0.17
Otolithoides biauritus,19.88,3.31,0.17
Otolithoides biauritus,18.09,3.16,0.17
Otolithoides biauritus,17.68,3.13,0.18
Otolithoides biauritus,20.45,3.3,0.16
Otolithoides biauritus,18.25,3.15,0.17
Otolithoides biauritus,19.33,3.16,0.16
Otolithoides biauritus,19.52,3.26,0.17
Otolithoides biauritus,17.32,3.2,0.18
Otolithoides biauritus,19.08,3.21,0.17
Otolithoides biauritus,18.07,3.14,0.17
Otolithoides biauritus,17.63,3.16,0.18
Otolithoides biauritus,18.95,3.21,0.17
Otolithoides biauritus,18.4,3.2,0.17
Otolithoides biauritus,20.18,3.22,0.16
Otolithoides biauritus,19.63,3.22,0.16
Otolithoides biauritus,17.11,3.11,0.18
Otolithoides biauritus,17.5,3.13,0.18
Otolithoides biauritus,17.69,3.27,0.18
Otolithoides biauritus,18.16,3.16,0.17
Otolithoides biauritus,19.26,3.19,0.17
Otolithoides biauritus,18.83,3.16,0.17
Otolithoides biauritus,19.28,3.21,0.17
Otolithoides biauritus,21.33,3.16,0.15
Otolithoides biauritus,18.53,3.2,0.17
Otolithoides biauritus,16.45,3.13,0.19
Otolithoides biauritus,19.16,3.08,0.16
Otolithoides biauritus,18.19,3.19,0.18
Otolithoides biauritus,20.08,3.21,0.16
Otolithoides biauritus,18.4,3.18,0.17
Otolithoides biauritus,19.42,3.26,0.17
Otolithoides biauritus,20.1,3.33,0.17
Otolithoides biauritus,19.08,3.22,0.17
Otolithoides biauritus,17.13,3.23,0.19
Otolithoides biauritus,17.65,3.17,0.18
Otolithoides biauritus,18.22,3.07,0.17
Otolithoides biauritus,20.15,3.29,0.16
Otolithoides biauritus,20.94,3.35,0.16
Otolithoides biauritus,18.32,3.21,0.18
Otolithoides biauritus,17.57,3.26,0.19
Otolithoides biauritus,19.08,3.2,0.17
Otolithoides biauritus,17.26,3.15,0.18
Otolithoides biauritus,19.94,3.25,0.16
Otolithoides biauritus,17.48,3.15,0.18
Otolithoides biauritus,17.45,3.21,0.18
Otolithoides biauritus,17.47,3.15,0.18
Otolithoides biauritus,15.72,3.07,0.2
Otolithoides biauritus,18.07,3.23,0.18
Otolithoides biauritus,17.6,3.04,0.17
Otolithoides biauritus,20.14,3.17,0.16
Otolithoides biauritus,18.07,3.22,0.18
Otolithoides biauritus,19.8,3.26,0.16
Otolithoides biauritus,17.56,3.2,0.18
Otolithoides biauritus,19.79,3.23,0.16
Otolithoides biauritus,20.04,3.23,0.16
Otolithoides biauritus,16.69,3.19,0.19
Otolithoides biauritus,20.79,3.29,0.16
Otolithoides biauritus,17.93,3.19,0.18
Otolithoides biauritus,17.71,3.09,0.17
Otolithoides biauritus,18.59,3.28,0.18
Otolithoides biauritus,18.08,3.21,0.18
Otolithoides biauritus,18.66,3.21,0.17
Otolithoides biauritus,17.55,3.16,0.18
Otolithoides biauritus,18.64,3.24,0.17
Otolithoides biauritus,16.32,3.17,0.19
Otolithoides biauritus,20.06,3.31,0.17
Otolithoides biauritus,19.13,3.22,0.17
Otolithoides biauritus,18.94,3.22,0.17
Otolithoides biauritus,18.84,3.12,0.17
Otolithoides biauritus,19.06,3.31,0.17
Otolithoides biauritus,16.61,3.12,0.19
Otolithoides biauritus,20.48,3.25,0.16
Otolithoides biauritus,20.46,3.26,0.16
Otolithoides biauritus,17.97,3.19,0.18
Otolithoides biauritus,19.91,3.26,0.16
Otolithoides biauritus,17.84,3.16,0.18
Otolithoides biauritus,20.82,3.28,0.16
Otolithoides biauritus,17.84,3.14,0.18
Otolithoides biauritus,17.98,3.17,0.18
Otolithoides biauritus,18.51,3.19,0.17
Otolithoides biauritus,18.64,3.2,0.17
Otolithoides biauritus,18.24,3.16,0.17
Otolithoides biauritus,16.74,3.09,0.18
Otolithoides biauritus,18.46,3.13,0.17
Otolithoides biauritus,18.42,3.16,0.17
Otolithoides biauritus,18.07,3.27,0.18
Otolithoides biauritus,18.1,3.18,0.18
Otolithoides biauritus,16.67,3.21,0.19
Otolithoides biauritus,17.02,3.12,0.18
Otolithoides biauritus,16.77,3.09,0.18
Otolithoides biauritus,20.43,3.25,0.16
Otolithoides biauritus,18.19,3.12,0.17
Otolithoides biauritus,17.09,3.29,0.19
Otolithoides biauritus,19.54,3.19,0.16
Otolithoides biauritus,16.64,3.13,0.19
Otolithoides biauritus,19.14,3.12,0.16
Otolithoides biauritus,16.28,3.1,0.19
Otolithoides biauritus,19.89,3.16,0.16
Otolithoides biauritus,18.38,3.16,0.17
Otolithoides biauritus,17.99,3.07,0.17
Otolithoides biauritus,19.9,3.25,0.16
Otolithoides biauritus,18.14,3.25,0.18
Otolithoides biauritus,18.19,3.23,0.18
Otolithoides biauritus,17.7,3.21,0.18
Otolithoides biauritus,17.51,3.14,0.18
Otolithoides biauritus,21.02,3.35,0.16
Otolithoides biauritus,19.88,3.29,0.17
Otolithoides biauritus,18.89,3.17,0.17
Otolithoides biauritus,19.27,3.22,0.17
Otolithoides biauritus,17.4,3.1,0.18
Otolithoides biauritus,18.38,3.18,0.17
Otolithoides biauritus,17.32,3.24,0.19
Otolithoides biauritus,17.31,3.11,0.18
Otolithoides biauritus,17.09,3.14,0.18
Otolithoides biauritus,17.12,3.16,0.18
Otolithoides biauritus,18.28,3.22,0.18
Otolithoides biauritus,20.89,3.36,0.16
Otolithoides biauritus,18.16,3.12,0.17
Otolithoides biauritus,16.81,3.13,0.19
Otolithoides biauritus,17.93,3.19,0.18
Otolithoides biauritus,19.33,3.17,0.16
Otolithoides biauritus,17.74,3.24,0.18
Otolithoides biauritus,19.27,3.17,0.16
Otolithoides biauritus,19.75,3.21,0.16
Otolithoides biauritus,18.43,3.16,0.17
Otolithoides biauritus,17.54,3.19,0.18
Otolithoides biauritus,18.43,3.19,0.17
Otolithoides biauritus,16.57,3.11,0.19
Otolithoides biauritus,17.23,3.09,0.18
Otolithoides biauritus,17.77,3.09,0.17
Otolithoides biauritus,19.72,3.21,0.16
Otolithoides biauritus,19.41,3.24,0.17
Otolithoides biauritus,16.55,3.16,0.19
Otolithoides biauritus,19.54,3.24,0.17
Otolithoides biauritus,20.13,3.38,0.17
Otolithoides biauritus,17.27,3.17,0.18
Otolithoides biauritus,19.12,3.17,0.17
Otolithoides biauritus,19.08,3.22,0.17
Otolithoides biauritus,20.39,3.37,0.17
Otolithoides biauritus,18.24,3.13,0.17
Otolithoides biauritus,18.18,3.13,0.17
Otolithoides biauritus,20.54,3.28,0.16
Otolithoides biauritus,17.0,3.13,0.18
Otolithoides biauritus,19.57,3.22,0.16
Otolithoides biauritus,17.11,3.21,0.19
Otolithoides biauritus,19.27,3.24,0.17
Otolithoides biauritus,18.87,3.32,0.18
Otolithoides biauritus,17.54,3.14,0.18
Otolithoides biauritus,17.15,3.14,0.18
Otolithoides biauritus,18.59,3.15,0.17
Otolithoides biauritus,17.65,3.17,0.18
Otolithoides biauritus,18.14,3.08,0.17
Otolithoides biauritus,20.32,3.28,0.16
Otolithoides biauritus,16.99,3.07,0.18
Otolithoides biauritus,17.11,3.2,0.19
Otolithoides biauritus,18.52,3.2,0.17
Otolithoides biauritus,19.44,3.24,0.17
Otolithoides biauritus,19.27,3.18,0.17
Otolithoides biauritus,17.97,3.24,0.18
Otolithoides biauritus,19.12,3.17,0.17
Otolithoides biauritus,18.31,3.2,0.17
Otolithoides biauritus,19.58,3.31,0.17
Otolithoides biauritus,18.46,3.24,0.18
Otolithoides biauritus,21.71,3.22,0.15
Otolithoides biauritus,18.7,3.14,0.17
Otolithoides biauritus,18.12,3.22,0.18
Otolithoides biauritus,17.04,3.12,0.18
Otolithoides biauritus,17.72,3.12,0.18
Otolithoides biauritus,18.27,3.22,0.18
Otolithoides biauritus,17.91,3.07,0.17
Otolithoides biauritus,19.62,3.41,0.17
Otolithoides biauritus,20.96,3.27,0.16
Otolithoides biauritus,21.31,3.19,0.15
Otolithoides biauritus,18.05,3.17,0.18
Otolithoides biauritus,20.32,3.26,0.16
Otolithoides biauritus,16.48,3.21,0.19
Otolithoides biauritus,18.09,3.13,0.17
Otolithoides biauritus,21.06,3.31,0.16
Otolithoides biauritus,19.96,3.24,0.16
Otolithoides biauritus,17.39,3.14,0.18
Otolithoides biauritus,21.35,3.2,0.15
Otolithoides pama,22.82,3.84,0.17
Otolithoides pama,21.98,3.94,0.18
Otolithoides pama,21.55,3.96,0.18
Otolithoides pama,19.22,3.72,0.19
Otolithoides pama,19.91,3.97,0.2
Otolithoides pama,23.21,3.88,0.17
Otolithoides pama,19.77,3.75,0.19
Otolithoides pama,21.56,3.93,0.18
Otolithoides pama,21.8,3.8,0.17
Otolithoides pama,21.57,3.88,0.18
Otolithoides pama,21.08,4.07,0.19
Otolithoides pama,22.8,3.85,0.17
Otolithoides pama,22.61,3.84,0.17
Otolithoides pama,21.82,3.9,0.18
Otolithoides pama,22.34,3.81,0.17
Otolithoides pama,22.63,3.97,0.18
Otolithoides pama,21.63,4.07,0.19
Otolithoides pama,22.81,3.63,0.16
Otolithoides pama,21.53,3.77,0.18
Otolithoides pama,23.12,3.83,0.17
Otolithoides pama,23.5,3.84,0.16
Otolithoides pama,20.54,3.91,0.19
Otolithoides pama,21.31,3.78,0.18
Otolithoides pama,22.63,3.82,0.17
Otolithoides pama,22.62,4.2,0.19
Otolithoides pama,21.09,3.72,0.18
Otolithoides pama,19.32,3.93,0.2
Otolithoides pama,20.36,3.63,0.18
Otolithoides pama,19.26,3.77,0.2
Otolithoides pama,23.31,3.91,0.17
Otolithoides pama,23.7,4.05,0.17
Otolithoides pama,20.42,3.78,0.19
Otolithoides pama,21.88,3.85,0.18
Otolithoides pama,21.29,3.95,0.19
Otolithoides pama,20.88,3.89,0.19
Otolithoides pama,18.64,3.97,0.21
Otolithoides pama,22.98,3.83,0.17
Otolithoides pama,23.32,3.92,0.17
Otolithoides pama,20.06,3.81,0.19
Otolithoides pama,23.42,3.83,0.16
Otolithoides pama,20.34,3.76,0.18
Otolithoides pama,20.44,3.96,0.19
Otolithoides pama,20.69,3.69,0.18
Otolithoides pama,20.98,3.69,0.18
Otolithoides pama,19.5,3.68,0.19
Otolithoides pama,23.9,4.24,0.18
Otolithoides pama,22.21,3.77,0.17
Otolithoides pama,24.02,3.75,0.16
Otolithoides pama,23.31,4.1,0.18
Otolithoides pama,21.4,3.79,0.18
Otolithoides pama,20.38,3.69,0.18
Otolithoides pama,20.77,3.73,0.18
Otolithoides pama,22.01,3.9,0.18
Otolithoides pama,20.14,3.77,0.19
Otolithoides pama,23.01,3.65,0.16
Otolithoides pama,21.71,3.75,0.17
Otolithoides pama,21.86,3.88,0.18
Otolithoides pama,23.15,4.05,0.17
Otolithoides pama,20.81,3.81,0.18
Otolithoides pama,23.59,3.75,0.16
Otolithoides pama,23.01,4.02,0.17
Otolithoides pama,20.98,3.85,0.18
Otolithoides pama,22.14,4.09,0.18
Otolithoides pama,23.64,4.11,0.17
Otolithoides pama,20.92,3.84,0.18
Otolithoides pama,21.48,3.77,0.18
Otolithoides pama,24.19,4.03,0.17
Otolithoides pama,20.65,3.57,0.17
Otolithoides pama,22.23,3.86,0.17
Otolithoides pama,22.13,3.9,0.18
Otolithoides pama,22.15,3.68,0.17
Otolithoides pama,23.27,3.68,0.16
Otolithoides pama,20.68,3.78,0.18
Otolithoides pama,22.91,3.89,0.17
Otolithoides pama,20.66,4.06,0.2
Otolithoides pama,22.62,4.02,0.18
Otolithoides pama,19.6,3.88,0.2
Otolithoides pama,20.85,3.8,0.18
Otolithoides pama,20.22,3.8,0.19
Otolithoides pama,19.33,3.87,0.2
Otolithoides pama,23.45,3.71,0.16
Otolithoides pama,21.84,3.84,0.18
Otolithoides pama,22.51,3.98,0.18
Otolithoides pama,23.53,4.02,0.17
Otolithoides pama,20.91,3.89,0.19
Otolithoides pama,22.91,3.67,0.16
Otolithoides pama,22.58,3.84,0.17
Otolithoides pama,23.12,3.8,0.16
Otolithoides pama,22.76,4.1,0.18
Otolithoides pama,22.91,3.85,0.17
Otolithoides pama,20.21,3.64,0.18
Otolithoides pama,22.62,3.51,0.16
Otolithoides pama,23.23,3.9,0.17
Otolithoides pama,22.68,3.92,0.17
Otolithoides pama,22.63,3.95,0.17
Otolithoides pama,22.03,3.87,0.18
Otolithoides pama,19.64,3.9,0.2
Otolithoides pama,23.2,3.75,0.16
Otolithoides pama,19.97,3.82,0.19
Otolithoides pama,22.56,3.94,0.17
Otolithoides pama,22.32,3.87,0.17
Otolithoides pama,18.64,3.53,0.19
Otolithoides pama,20.27,3.86,0.19
Otolithoides pama,20.48,3.93,0.19
Otolithoides pama,19.89,3.86,0.19
Otolithoides pama,19.79,3.82,0.19
Otolithoides pama,19.77,3.61,0.18
Otolithoides pama,22.55,3.97,0.18
Otolithoides pama,21.44,3.54,0.17
Otolithoides pama,22.11,3.77,0.17
Otolithoides pama,20.57,3.92,0.19
Otolithoides pama,19.43,3.58,0.18
Otolithoides pama,22.77,3.77,0.17
Otolithoides pama,22.09,3.81,0.17
Otolithoides pama,20.25,3.82,0.19
Otolithoides pama,22.45,4.03,0.18
Otolithoides pama,22.16,3.91,0.18
Otolithoides pama,24.04,3.76,0.16
Otolithoides pama,20.91,3.86,0.18
Otolithoides pama,20.06,3.73,0.19
Otolithoides pama,23.53,3.83,0.16
Otolithoides pama,21.33,3.89,0.18
Otolithoides pama,20.55,3.8,0.18
Otolithoides pama,20.15,3.85,0.19
Otolithoides pama,21.73,3.83,0.18
Otolithoides pama,22.6,3.87,0.17
Otolithoides pama,22.4,3.88,0.17
Otolithoides pama,23.55,3.75,0.16
Otolithoides pama,21.91,3.8,0.17
Otolithoides pama,21.65,3.68,0.17
Otolithoides pama,22.85,3.93,0.17
Otolithoides pama,22.73,3.85,0.17
Otolithoides pama,22.76,3.66,0.16
Otolithoides pama,22.02,3.85,0.17
Otolithoides pama,23.56,3.89,0.16
Otolithoides pama,19.58,3.87,0.2
Otolithoides pama,23.25,4.08,0.18
Otolithoides pama,22.91,3.97,0.17
Otolithoides pama,21.48,4.02,0.19
Otolithoides pama,22.52,3.9,0.17
Otolithoides pama,22.49,3.81,0.17
Otolithoides pama,23.07,3.93,0.17
Otolithoides pama,23.44,3.88,0.17
Otolithoides pama,22.01,3.92,0.18
Otolithoides pama,23.89,3.83,0.16
Otolithoides pama,22.15,3.94,0.18
Otolithoides pama,22.43,3.76,0.17
Otolithoides pama,21.98,3.84,0.17
Otolithoides pama,19.65,3.93,0.2
Otolithoides pama,22.45,3.75,0.17
Otolithoides pama,20.46,3.9,0.19
Otolithoides pama,20.69,3.76,0.18
Otolithoides pama,21.08,3.89,0.18
Otolithoides pama,22.35,3.7,0.17
Otolithoides pama,21.1,3.88,0.18
Otolithoides pama,18.94,3.87,0.2
Otolithoides pama,22.52,3.94,0.18
Otolithoides pama,23.53,3.79,0.16
Otolithoides pama,23.04,3.95,0.17
Otolithoides pama,19.78,3.7,0.19
Otolithoides pama,20.27,3.87,0.19
Otolithoides pama,22.88,3.93,0.17
Otolithoides pama,22.47,3.97,0.18
Otolithoides pama,22.94,4.04,0.18
Otolithoides pama,22.6,3.79,0.17
Otolithoides pama,21.39,3.79,0.18
Otolithoides pama,19.62,3.74,0.19
Otolithoides pama,20.65,3.91,0.19
Otolithoides pama,23.07,3.87,0.17
Otolithoides pama,23.79,3.9,0.16
Otolithoides pama,20.45,3.75,0.18
Otolithoides pama,21.47,3.82,0.18
Otolithoides pama,21.34,3.77,0.18
Otolithoides pama,21.23,3.65,0.17
Otolithoides pama,23.44,3.97,0.17
Otolithoides pama,22.19,3.94,0.18
Otolithoides pama,19.9,3.79,0.19
Otolithoides pama,23.52,3.91,0.17
Otolithoides pama,19.54,3.85,0.2
Otolithoides pama,22.48,3.71,0.17
Otolithoides pama,20.81,4.03,0.19
Otolithoides pama,21.52,3.78,0.18
Otolithoides pama,20.65,3.66,0.18
Otolithoides pama,20.49,3.79,0.18
Otolithoides pama,21.15,4.11,0.19
Otolithoides pama,20.27,3.68,0.18
Otolithoides pama,21.74,4.08,0.19
Otolithoides pama,23.09,3.75,0.16
Otolithoides pama,22.93,3.9,0.17
Otolithoides pama,23.08,3.88,0.17
Otolithoides pama,21.74,3.79,0.17
Otolithoides pama,21.4,3.76,0.18
Otolithoides pama,20.28,3.76,0.19
Otolithoides pama,22.22,3.75,0.17
Otolithoides pama,20.09,3.93,0.2
Otolithoides pama,22.12,3.86,0.17
Otolithoides pama,23.6,3.64,0.15
Otolithoides pama,22.77,3.97,0.17
Otolithoides pama,18.66,3.78,0.2
Otolithoides pama,21.71,3.98,0.18
Otolithoides pama,23.22,3.72,0.16
Otolithoides pama,20.61,3.77,0.18
Otolithoides pama,22.77,4.03,0.18
Otolithoides pama,22.49,3.89,0.17
Otolithoides pama,22.82,3.94,0.17
Otolithoides pama,22.53,3.76,0.17
Otolithoides pama,19.75,3.63,0.18
Otolithoides pama,22.41,3.88,0.17
Otolithoides pama,21.23,3.53,0.17
Otolithoides pama,20.53,3.83,0.19
Otolithoides pama,20.16,3.98,0.2
Otolithoides pama,20.25,3.75,0.19
Otolithoides pama,21.76,3.77,0.17
Otolithoides pama,20.32,3.64,0.18
Otolithoides pama,23.74,3.89,0.16
Otolithoides pama,19.33,3.88,0.2
Otolithoides pama,20.83,3.98,0.19
Otolithoides pama,19.62,3.83,0.2
Otolithoides pama,23.48,3.7,0.16
Otolithoides pama,22.41,3.86,0.17
Otolithoides pama,23.8,3.74,0.16
Otolithoides pama,23.1,3.95,0.17
Otolithoides pama,19.07,3.78,0.2
Otolithoides pama,19.94,3.8,0.19
Otolithoides pama,21.11,4.04,0.19
Otolithoides pama,20.54,3.87,0.19
Otolithoides pama,22.56,4.04,0.18
Otolithoides pama,19.76,3.83,0.19
Otolithoides pama,23.78,3.99,0.17
Otolithoides pama,21.1,3.77,0.18
Otolithoides pama,22.8,3.85,0.17
Otolithoides pama,22.95,3.77,0.16
Otolithoides pama,23.5,3.87,0.16
Otolithoides pama,23.09,3.92,0.17
Otolithoides pama,20.6,4.05,0.2
Otolithoides pama,22.81,4.0,0.18
Otolithoides pama,21.98,3.91,0.18
Otolithoides pama,20.27,3.82,0.19
Otolithoides pama,20.0,3.82,0.19
Otolithoides pama,22.3,3.87,0.17
Otolithoides pama,22.6,3.79,0.17
Otolithoides pama,23.12,3.87,0.17
Otolithoides pama,23.33,3.81,0.16
Otolithoides pama,21.48,3.96,0.18
Otolithoides pama,23.32,3.47,0.15
Otolithoides pama,22.46,3.94,0.18
Otolithoides pama,20.83,4.08,0.2
Otolithoides pama,21.74,3.93,0.18
Otolithoides pama,22.07,3.72,0.17
Otolithoides pama,23.97,3.93,0.16
Otolithoides pama,18.77,3.67,0.2
Otolithoides pama,20.62,3.89,0.19
Otolithoides pama,20.43,3.75,0.18
Otolithoides pama,22.19,4.07,0.18
Otolithoides pama,22.3,3.91,0.18
Otolithoides pama,23.29,3.92,0.17
Otolithoides pama,21.42,3.85,0.18
Otolithoides pama,22.96,4.01,0.17
Otolithoides pama,21.45,3.8,0.18
Otolithoides pama,23.41,3.86,0.16
Otolithoides pama,20.08,3.97,0.2
Otolithoides pama,18.97,3.82,0.2
Otolithoides pama,22.7,3.67,0.16
Otolithoides pama,21.71,3.88,0.18
Otolithoides pama,23.46,3.97,0.17
Otolithoides pama,23.58,3.87,0.16
Otolithoides pama,23.1,3.91,0.17
Otolithoides pama,20.8,3.76,0.18
Otolithoides pama,22.51,3.86,0.17
Otolithoides pama,19.33,3.77,0.2
Otolithoides pama,22.3,4.05,0.18
Otolithoides pama,19.89,3.87,0.19
Otolithoides pama,22.5,3.92,0.17
Otolithoides pama,20.73,3.72,0.18
Otolithoides pama,20.36,4.14,0.2
Otolithoides pama,23.82,3.8,0.16
Otolithoides pama,22.19,3.88,0.17
Otolithoides pama,21.64,3.92,0.18
Otolithoides pama,19.73,3.63,0.18
Otolithoides pama,24.35,4.14,0.17
Otolithoides pama,24.09,3.66,0.15
Otolithoides pama,21.38,3.66,0.17
Otolithoides pama,20.67,3.83,0.19
Otolithoides pama,22.62,3.79,0.17
Otolithoides pama,22.73,3.83,0.17
Otolithoides pama,19.65,3.83,0.19
Otolithoides pama,22.92,4.12,0.18
Otolithoides pama,23.16,3.7,0.16
Otolithoides pama,22.32,3.78,0.17
Otolithoides pama,22.54,3.78,0.17
Otolithoides pama,21.27,3.96,0.19
Otolithoides pama,20.14,3.55,0.18
Otolithoides pama,22.55,4.04,0.18
Otolithoides pama,22.77,4.05,0.18
Otolithoides pama,22.72,3.68,0.16
Otolithoides pama,22.44,3.9,0.17
Otolithoides pama,22.35,3.84,0.17
Otolithoides pama,23.94,3.84,0.16
Otolithoides pama,19.21,3.65,0.19
Otolithoides pama,22.43,3.89,0.17
Otolithoides pama,23.62,3.94,0.17
Otolithoides pama,22.69,3.97,0.17
Otolithoides pama,24.3,3.99,0.16
Otolithoides pama,20.14,3.9,0.19
Otolithoides pama,22.08,3.85,0.17
Otolithoides pama,22.16,3.84,0.17
Otolithoides pama,22.75,3.76,0.17
Otolithoides pama,23.93,3.68,0.15
Otolithoides pama,22.51,3.93,0.17
Otolithoides pama,22.57,3.69,0.16
Otolithoides pama,22.23,3.84,0.17
Otolithoides pama,22.02,3.85,0.17
Otolithoides pama,23.82,4.03,0.17
Otolithoides pama,22.61,3.92,0.17
Otolithoides pama,22.76,3.86,0.17
Otolithoides pama,20.68,3.74,0.18
Otolithoides pama,20.8,3.87,0.19
Otolithoides pama,23.2,3.85,0.17
Otolithoides pama,22.12,3.83,0.17
Otolithoides pama,22.15,3.94,0.18
Otolithoides pama,22.15,3.79,0.17
Otolithoides pama,21.52,3.72,0.17
Otolithoides pama,22.95,3.86,0.17
Otolithoides pama,19.67,3.92,0.2
Otolithoides pama,21.49,3.9,0.18
Otolithoides pama,22.93,3.87,0.17
Otolithoides pama,20.14,3.72,0.18
Otolithoides pama,23.17,3.92,0.17
Otolithoides pama,19.87,3.75,0.19
Otolithoides pama,19.98,3.91,0.2
Otolithoides pama,22.07,3.57,0.16
Otolithoides pama,22.63,3.95,0.17
Otolithoides pama,23.23,4.06,0.17
Otolithoides pama,20.43,3.86,0.19
Otolithoides pama,21.32,3.66,0.17
Otolithoides pama,23.27,3.78,0.16
Otolithoides pama,21.5,3.83,0.18
Otolithoides pama,20.96,3.89,0.19
Otolithoides pama,22.29,3.76,0.17
Otolithoides pama,21.56,3.81,0.18
Otolithoides pama,22.98,3.66,0.16
Otolithoides pama,22.22,3.98,0.18
Otolithoides pama,21.45,3.89,0.18
Otolithoides pama,20.56,3.75,0.18
Otolithoides pama,23.33,3.68,0.16
Otolithoides pama,22.07,3.7,0.17
Otolithoides pama,19.2,3.76,0.2
Otolithoides pama,21.8,3.93,0.18
Otolithoides pama,23.53,3.63,0.15
Otolithoides pama,22.6,3.83,0.17
Otolithoides pama,23.33,3.86,0.17
Otolithoides pama,20.73,3.84,0.19
Otolithoides pama,21.22,3.92,0.18
Otolithoides pama,22.9,3.88,0.17
Otolithoides pama,21.92,3.94,0.18
Otolithoides pama,22.88,4.1,0.18
Otolithoides pama,22.04,3.95,0.18
Otolithoides pama,21.89,3.69,0.17
Otolithoides pama,20.67,3.87,0.19
Otolithoides pama,22.02,3.78,0.17
Otolithoides pama,23.58,3.67,0.16
Otolithoides pama,19.36,3.83,0.2
Otolithoides pama,20.87,3.78,0.18
Otolithoides pama,24.31,3.65,0.15
Otolithoides pama,22.85,4.06,0.18
Otolithoides pama,22.2,3.79,0.17
Otolithoides pama,21.05,4.01,0.19
Otolithoides pama,20.08,3.84,0.19
Otolithoides pama,19.43,3.85,0.2
Otolithoides pama,19.38,3.87,0.2
Otolithoides pama,20.41,3.91,0.19
Otolithoides pama,22.49,3.85,0.17
Otolithoides pama,23.14,3.96,0.17
Otolithoides pama,22.81,3.87,0.17
Otolithoides pama,21.44,3.96,0.18
Otolithoides pama,20.63,3.85,0.19
Otolithoides pama,19.97,3.79,0.19
Otolithoides pama,20.59,3.65,0.18
Otolithoides pama,23.3,3.89,0.17
Otolithoides pama,21.78,3.78,0.17
Otolithoides pama,19.29,3.76,0.19
Otolithoides pama,19.45,3.92,0.2
Otolithoides pama,19.28,3.72,0.19
Otolithoides pama,22.06,3.8,0.17
Otolithoides pama,22.58,3.88,0.17
Otolithoides pama,23.68,4.02,0.17
Otolithoides pama,23.67,3.87,0.16
Otolithoides pama,21.44,3.74,0.17
Otolithoides pama,19.19,3.77,0.2
Otolithoides pama,22.02,3.87,0.18
Otolithoides pama,22.42,4.01,0.18
Otolithoides pama,23.19,3.84,0.17
Otolithoides pama,22.81,3.67,0.16
Otolithoides pama,20.64,3.91,0.19
Otolithoides pama,22.7,3.93,0.17
Otolithoides pama,22.92,3.74,0.16
Otolithoides pama,21.79,4.0,0.18
Otolithoides pama,20.38,3.91,0.19
Otolithoides pama,21.52,3.9,0.18
Otolithoides pama,19.12,3.71,0.19
Otolithoides pama,20.42,3.91,0.19
Otolithoides pama,23.32,3.91,0.17
Otolithoides pama,19.31,3.75,0.19
Otolithoides pama,21.6,3.82,0.18
Otolithoides pama,23.52,3.78,0.16
Otolithoides pama,22.71,3.85,0.17
Otolithoides pama,22.87,3.95,0.17
Otolithoides pama,23.04,3.87,0.17
Otolithoides pama,20.51,3.88,0.19
Otolithoides pama,23.25,3.97,0.17
Otolithoides pama,23.21,4.21,0.18
Otolithoides pama,22.88,3.9,0.17
Otolithoides pama,20.54,3.82,0.19
Otolithoides pama,20.62,3.89,0.19
Otolithoides pama,22.48,3.7,0.16
Otolithoides pama,22.2,3.83,0.17
Otolithoides pama,21.46,3.75,0.17
Otolithoides pama,22.25,3.76,0.17
Otolithoides pama,22.97,3.7,0.16
Otolithoides pama,22.37,3.94,0.18
Otolithoides pama,23.61,3.85,0.16
Otolithoides pama,21.27,4.08,0.19
Otolithoides pama,23.12,3.94,0.17
Otolithoides pama,21.55,3.83,0.18
Otolithoides pama,21.69,4.02,0.19
Otolithoides pama,21.18,3.87,0.18
Otolithoides pama,23.4,4.03,0.17
Otolithoides pama,19.35,3.78,0.2
Otolithoides pama,22.15,3.95,0.18
Otolithoides pama,20.43,3.75,0.18
Otolithoides pama,21.83,3.95,0.18
Otolithoides pama,19.84,3.77,0.19
Otolithoides pama,24.12,3.51,0.15
Otolithoides pama,23.99,4.09,0.17
Otolithoides pama,22.77,3.98,0.17
Pethia conchonius,9.61,4.55,0.47
Pethia conchonius,9.16,4.61,0.5
Pethia conchonius,8.09,4.56,0.56
Pethia conchonius,9.89,4.61,0.47
Pethia conchonius,10.31,4.57,0.44
Pethia conchonius,11.03,4.61,0.42
Pethia conchonius,9.07,4.62,0.51
Pethia conchonius,9.37,4.59,0.49
Pethia conchonius,10.71,4.56,0.43
Pethia conchonius,10.58,4.65,0.44
Pethia conchonius,11.53,4.64,0.4
Pethia conchonius,11.84,4.64,0.39
Pethia conchonius,9.76,4.56,0.47
Pethia conchonius,8.27,4.53,0.55
Pethia conchonius,9.82,4.6,0.47
Pethia conchonius,9.55,4.59,0.48
Pethia conchonius,8.33,4.58,0.55
Pethia conchonius,9.82,4.61,0.47
Pethia conchonius,9.47,4.62,0.49
Pethia conchonius,9.04,4.58,0.51
Pethia conchonius,7.92,4.54,0.57
Pethia conchonius,10.33,4.59,0.44
Pethia conchonius,9.58,4.6,0.48
Pethia conchonius,11.62,4.61,0.4
Pethia conchonius,9.59,4.6,0.48
Pethia conchonius,11.33,4.58,0.4
Pethia conchonius,12.01,4.63,0.39
Pethia conchonius,8.36,4.53,0.54
Pethia conchonius,9.62,4.6,0.48
Pethia conchonius,9.35,4.59,0.49
Pethia conchonius,11.72,4.6,0.39
Pethia conchonius,10.75,4.6,0.43
Pethia conchonius,10.07,4.6,0.46
Pethia conchonius,9.29,4.6,0.5
Pethia conchonius,11.33,4.63,0.41
Pethia conchonius,8.73,4.56,0.52
Pethia conchonius,8.04,4.57,0.57
Pethia conchonius,11.99,4.66,0.39
Pethia conchonius,8.78,4.57,0.52
Pethia conchonius,10.29,4.63,0.45
Pethia conchonius,9.56,4.6,0.48
Pethia conchonius,10.9,4.59,0.42
Pethia conchonius,7.36,4.57,0.62
Pethia conchonius,8.39,4.56,0.54
Pethia conchonius,10.34,4.56,0.44
Pethia conchonius,11.13,4.59,0.41
Pethia conchonius,7.48,4.54,0.61
Pethia conchonius,10.38,4.52,0.44
Pethia conchonius,7.53,4.56,0.61
Pethia conchonius,9.0,4.6,0.51
Pethia conchonius,8.86,4.52,0.51
Pethia conchonius,12.01,4.61,0.38
Pethia conchonius,10.79,4.57,0.42
Pethia conchonius,7.99,4.57,0.57
Pethia conchonius,10.64,4.62,0.43
Pethia conchonius,10.28,4.57,0.44
Pethia conchonius,10.53,4.6,0.44
Pethia conchonius,8.36,4.55,0.54
Pethia conchonius,7.6,4.58,0.6
Pethia conchonius,9.81,4.55,0.46
Pethia conchonius,9.85,4.59,0.47
Pethia conchonius,7.83,4.57,0.58
Pethia conchonius,7.83,4.55,0.58
Pethia conchonius,10.11,4.56,0.45
Pethia conchonius,8.98,4.5,0.5
Pethia conchonius,9.55,4.59,0.48
Pethia conchonius,10.78,4.61,0.43
Pethia conchonius,8.82,4.57,0.52
Pethia conchonius,8.38,4.54,0.54
Pethia conchonius,8.93,4.53,0.51
Pethia conchonius,9.12,4.57,0.5
Pethia conchonius,10.1,4.64,0.46
Pethia conchonius,8.51,4.6,0.54
Pethia conchonius,8.83,4.56,0.52
Pethia conchonius,7.49,4.54,0.61
Pethia conchonius,12.21,4.64,0.38
Pethia conchonius,8.82,4.59,0.52
Pethia conchonius,8.04,4.54,0.57
Pethia conchonius,10.68,4.66,0.44
Pethia conchonius,9.31,4.56,0.49
Pethia conchonius,8.02,4.54,0.57
Pethia conchonius,7.57,4.51,0.6
Pethia conchonius,8.23,4.58,0.56
Pethia conchonius,9.87,4.61,0.47
Pethia conchonius,9.13,4.56,0.5
Pethia conchonius,9.34,4.61,0.49
Pethia conchonius,12.59,4.62,0.37
Pethia conchonius,10.55,4.63,0.44
Pethia conchonius,8.27,4.54,0.55
Pethia conchonius,8.99,4.59,0.51
Pethia conchonius,8.91,4.62,0.52
Pethia conchonius,9.78,4.61,0.47
Pethia conchonius,10.66,4.62,0.43
Pethia conchonius,10.33,4.61,0.45
Pethia conchonius,11.96,4.63,0.39
Pethia conchonius,10.63,4.59,0.43
Pethia conchonius,9.23,4.55,0.49
Pethia conchonius,10.75,4.62,0.43
Pethia conchonius,9.45,4.6,0.49
Pethia conchonius,10.92,4.58,0.42
Pethia conchonius,10.39,4.62,0.45
Pethia conchonius,9.49,4.6,0.48
Pethia conchonius,8.02,4.56,0.57
Pethia conchonius,9.38,4.59,0.49
Pethia conchonius,8.52,4.59,0.54
Pethia conchonius,10.32,4.63,0.45
Pethia conchonius,7.25,4.54,0.63
Pethia conchonius,9.99,4.58,0.46
Pethia conchonius,8.23,4.57,0.56
Pethia conchonius,8.56,4.57,0.53
Pethia conchonius,7.21,4.54,0.63
Pethia conchonius,8.53,4.6,0.54
Pethia conchonius,8.79,4.6,0.52
Pethia conchonius,8.23,4.61,0.56
Pethia conchonius,10.27,4.63,0.45
Pethia conchonius,9.07,4.58,0.5
Pethia conchonius,9.58,4.56,0.48
Pethia conchonius,10.6,4.65,0.44
Pethia conchonius,7.39,4.55,0.62
Pethia conchonius,10.95,4.62,0.42
Pethia conchonius,8.53,4.58,0.54
Pethia conchonius,9.86,4.59,0.47
Pethia conchonius,10.58,4.62,0.44
Pethia conchonius,8.94,4.58,0.51
Pethia conchonius,11.49,4.64,0.4
Pethia conchonius,7.96,4.58,0.58
Pethia conchonius,8.89,4.56,0.51
Pethia conchonius,8.17,4.6,0.56
Pethia conchonius,11.85,4.62,0.39
Pethia conchonius,8.81,4.6,0.52
Pethia conchonius,10.13,4.57,0.45
Pethia conchonius,8.6,4.56,0.53
Pethia conchonius,11.06,4.61,0.42
Pethia conchonius,9.59,4.59,0.48
Pethia conchonius,9.84,4.59,0.47
Pethia conchonius,8.97,4.58,0.51
Pethia conchonius,7.9,4.56,0.58
Pethia conchonius,9.13,4.58,0.5
Pethia conchonius,9.26,4.63,0.5
Pethia conchonius,9.82,4.57,0.47
Pethia conchonius,9.26,4.6,0.5
Pethia conchonius,8.51,4.57,0.54
Pethia conchonius,8.24,4.59,0.56
Pethia conchonius,9.17,4.55,0.5
Pethia conchonius,10.64,4.61,0.43
Pethia conchonius,7.82,4.56,0.58
Pethia conchonius,8.71,4.55,0.52
Pethia conchonius,9.89,4.6,0.47
Pethia conchonius,11.87,4.62,0.39
Pethia conchonius,8.3,4.54,0.55
Pethia conchonius,9.04,4.58,0.51
Pethia conchonius,9.75,4.59,0.47
Pethia conchonius,9.72,4.56,0.47
Pethia conchonius,10.48,4.61,0.44
Pethia conchonius,7.83,4.52,0.58
Pethia conchonius,8.04,4.55,0.57
Pethia conchonius,9.9,4.58,0.46
Pethia conchonius,9.21,4.6,0.5
Pethia conchonius,9.76,4.63,0.47
Pethia conchonius,11.36,4.6,0.41
Pethia conchonius,8.14,4.55,0.56
Pethia conchonius,9.98,4.55,0.46
Pethia conchonius,10.25,4.57,0.45
Pethia conchonius,12.44,4.59,0.37
Pethia conchonius,8.03,4.55,0.57
Pethia conchonius,11.85,4.62,0.39
Pethia conchonius,10.85,4.63,0.43
Pethia conchonius,7.79,4.54,0.58
Pethia conchonius,7.63,4.57,0.6
Pethia conchonius,7.82,4.59,0.59
Pethia conchonius,9.47,4.58,0.48
Pethia conchonius,9.45,4.59,0.49
Pethia conchonius,10.41,4.57,0.44
Pethia conchonius,10.38,4.62,0.44
Pethia conchonius,11.25,4.64,0.41
Pethia conchonius,9.69,4.6,0.48
Pethia conchonius,8.44,4.58,0.54
Pethia conchonius,8.14,4.56,0.56
Pethia conchonius,11.64,4.64,0.4
Pethia conchonius,8.13,4.57,0.56
Pethia conchonius,8.7,4.59,0.53
Pethia conchonius,8.28,4.55,0.55
Pethia conchonius,8.37,4.58,0.55
Pethia conchonius,9.6,4.55,0.47
Pethia conchonius,8.73,4.59,0.53
Pethia conchonius,9.74,4.62,0.47
Pethia conchonius,11.6,4.57,0.39
Pethia conchonius,11.64,4.6,0.4
Pethia conchonius,9.21,4.61,0.5
Pethia conchonius,7.99,4.51,0.56
Pethia conchonius,9.56,4.56,0.48
Pethia conchonius,7.1,4.52,0.64
Pethia conchonius,7.87,4.52,0.57
Pethia conchonius,9.64,4.6,0.48
Pethia conchonius,10.64,4.61,0.43
Pethia conchonius,7.54,4.56,0.6
Pethia conchonius,7.78,4.58,0.59
Pethia conchonius,9.97,4.56,0.46
Pethia conchonius,8.28,4.58,0.55
Pethia conchonius,12.17,4.57,0.38
Pethia conchonius,9.2,4.57,0.5
Pethia conchonius,9.22,4.56,0.49
Pethia conchonius,11.5,4.64,0.4
Pethia conchonius,9.2,4.59,0.5
Pethia conchonius,10.86,4.61,0.42
Pethia conchonius,9.37,4.56,0.49
Pethia conchonius,11.74,4.68,0.4
Pethia conchonius,10.19,4.6,0.45
Pethia conchonius,9.48,4.58,0.48
Pethia conchonius,9.41,4.56,0.48
Pethia conchonius,7.41,4.53,0.61
Pethia conchonius,10.49,4.6,0.44
Pethia conchonius,9.32,4.51,0.48
Pethia conchonius,8.79,4.57,0.52
Pethia conchonius,8.43,4.6,0.55
Pethia conchonius,9.5,4.63,0.49
Pethia conchonius,10.36,4.6,0.44
Pethia conchonius,9.67,4.58,0.47
Pethia conchonius,10.64,4.62,0.43
Pethia conchonius,8.37,4.53,0.54
Pethia conchonius,12.13,4.63,0.38
Pethia conchonius,9.9,4.62,0.47
Pethia conchonius,10.25,4.56,0.44
Pethia conchonius,9.66,4.61,0.48
Pethia conchonius,10.72,4.59,0.43
Pethia conchonius,8.64,4.59,0.53
Pethia conchonius,9.66,4.57,0.47
Pethia conchonius,10.29,4.61,0.45
Pethia conchonius,10.1,4.62,0.46
Pethia conchonius,8.89,4.55,0.51
Pethia conchonius,8.98,4.56,0.51
Pethia conchonius,8.57,4.54,0.53
Pethia conchonius,8.18,4.54,0.56
Pethia conchonius,8.74,4.53,0.52
Pethia conchonius,9.67,4.59,0.47
Pethia conchonius,10.31,4.54,0.44
Pethia conchonius,10.36,4.59,0.44
Pethia conchonius,11.51,4.56,0.4
Pethia conchonius,9.41,4.62,0.49
Pethia conchonius,10.53,4.62,0.44
Pethia conchonius,11.18,4.62,0.41
Pethia conchonius,12.33,4.67,0.38
Pethia conchonius,11.71,4.61,0.39
Pethia conchonius,8.03,4.56,0.57
Pethia conchonius,8.72,4.62,0.53
Pethia conchonius,11.49,4.63,0.4
Pethia conchonius,10.75,4.61,0.43
Pethia conchonius,8.38,4.54,0.54
Pethia conchonius,9.8,4.58,0.47
Pethia conchonius,8.83,4.55,0.52
Pethia conchonius,10.01,4.61,0.46
Pethia conchonius,8.61,4.53,0.53
Pethia conchonius,11.1,4.59,0.41
Pethia conchonius,7.43,4.55,0.61
Pethia conchonius,11.9,4.63,0.39
Pethia conchonius,8.87,4.58,0.52
Pethia conchonius,11.44,4.63,0.4
Pethia conchonius,10.41,4.6,0.44
Pethia conchonius,9.18,4.61,0.5
Pethia conchonius,9.98,4.6,0.46
Pethia conchonius,11.31,4.59,0.41
Pethia conchonius,9.71,4.6,0.47
Pethia conchonius,9.44,4.61,0.49
Pethia conchonius,10.76,4.59,0.43
Pethia conchonius,11.15,4.61,0.41
Pethia conchonius,12.29,4.66,0.38
Pethia conchonius,7.96,4.58,0.58
Pethia conchonius,12.31,4.62,0.38
Pethia conchonius,8.12,4.57,0.56
Pethia conchonius,10.84,4.64,0.43
Pethia conchonius,10.31,4.59,0.45
Pethia conchonius,9.42,4.59,0.49
Pethia conchonius,8.63,4.6,0.53
Pethia conchonius,8.32,4.55,0.55
Pethia conchonius,10.8,4.6,0.43
Pethia conchonius,9.52,4.61,0.48
Pethia conchonius,7.55,4.55,0.6
Pethia conchonius,12.36,4.64,0.38
Pethia conchonius,8.51,4.57,0.54
Pethia conchonius,9.04,4.55,0.5
Pethia conchonius,8.62,4.63,0.54
Pethia conchonius,12.84,4.66,0.36
Pethia conchonius,9.22,4.54,0.49
Pethia conchonius,8.0,4.56,0.57
Pethia conchonius,9.05,4.55,0.5
Pethia conchonius,8.94,4.61,0.52
Pethia conchonius,9.34,4.55,0.49
Pethia conchonius,8.96,4.6,0.51
Pethia conchonius,8.14,4.58,0.56
Pethia conchonius,9.22,4.62,0.5
Pethia conchonius,10.69,4.62,0.43
Pethia conchonius,11.93,4.62,0.39
Pethia conchonius,8.97,4.54,0.51
Pethia conchonius,8.31,4.59,0.55
Pethia conchonius,10.82,4.61,0.43
Pethia conchonius,9.51,4.62,0.49
Pethia conchonius,10.45,4.6,0.44
Pethia conchonius,9.9,4.57,0.46
Pethia conchonius,12.41,4.58,0.37
Pethia conchonius,9.12,4.57,0.5
Pethia conchonius,7.92,4.56,0.58
Pethia conchonius,10.05,4.58,0.46
Pethia conchonius,11.93,4.61,0.39
Pethia conchonius,10.6,4.64,0.44
Pethia conchonius,9.17,4.57,0.5
Pethia conchonius,10.54,4.63,0.44
Pethia conchonius,7.85,4.56,0.58
Pethia conchonius,10.51,4.58,0.44
Pethia conchonius,9.34,4.59,0.49
Pethia conchonius,12.11,4.61,0.38
Pethia conchonius,10.92,4.59,0.42
Pethia conchonius,8.43,4.56,0.54
Pethia conchonius,10.08,4.63,0.46
Pethia conchonius,11.4,4.61,0.4
Pethia conchonius,9.34,4.56,0.49
Pethia conchonius,9.37,4.63,0.49
Pethia conchonius,9.65,4.59,0.48
Pethia conchonius,8.12,4.57,0.56
Pethia conchonius,9.94,4.6,0.46
Pethia conchonius,11.14,4.61,0.41
Pethia conchonius,11.55,4.61,0.4
Pethia conchonius,8.39,4.57,0.54
Pethia conchonius,12.01,4.6,0.38
Pethia conchonius,9.45,4.62,0.49
Pethia conchonius,10.53,4.61,0.44
Pethia conchonius,9.03,4.57,0.51
Pethia conchonius,7.72,4.54,0.59
Pethia conchonius,10.25,4.59,0.45
Pethia conchonius,9.03,4.56,0.51
Pethia conchonius,9.2,4.61,0.5
Pethia conchonius,9.0,4.56,0.51
Pethia conchonius,9.98,4.6,0.46
Pethia conchonius,12.18,4.64,0.38
Pethia conchonius,9.39,4.59,0.49
Pethia conchonius,7.91,4.51,0.57
Pethia conchonius,12.19,4.58,0.38
Pethia conchonius,10.44,4.61,0.44
Pethia conchonius,8.72,4.55,0.52
Pethia conchonius,10.14,4.63,0.46
Pethia conchonius,8.8,4.57,0.52
Pethia conchonius,10.79,4.55,0.42
Pethia conchonius,11.82,4.62,0.39
Pethia conchonius,10.4,4.58,0.44
Pethia conchonius,8.63,4.57,0.53
Pethia conchonius,10.84,4.59,0.42
Pethia conchonius,9.75,4.58,0.47
Pethia conchonius,8.48,4.56,0.54
Pethia conchonius,10.93,4.65,0.43
Pethia conchonius,10.02,4.58,0.46
Pethia conchonius,8.7,4.56,0.52
Pethia conchonius,10.83,4.62,0.43
Pethia conchonius,9.39,4.55,0.48
Pethia conchonius,9.98,4.6,0.46
Pethia conchonius,8.95,4.6,0.51
Pethia conchonius,11.94,4.64,0.39
Pethia conchonius,9.21,4.55,0.49
Pethia conchonius,10.77,4.59,0.43
Pethia conchonius,9.9,4.58,0.46
Pethia conchonius,10.51,4.63,0.44
Pethia conchonius,7.77,4.54,0.58
Pethia conchonius,8.49,4.56,0.54
Pethia conchonius,8.44,4.56,0.54
Pethia conchonius,8.94,4.54,0.51
Pethia conchonius,8.49,4.58,0.54
Pethia conchonius,8.91,4.56,0.51
Pethia conchonius,8.53,4.57,0.54
Pethia conchonius,9.63,4.61,0.48
Pethia conchonius,8.69,4.58,0.53
Pethia conchonius,7.7,4.48,0.58
Pethia conchonius,8.62,4.6,0.53
Pethia conchonius,9.91,4.6,0.46
Pethia conchonius,11.05,4.58,0.41
Pethia conchonius,8.09,4.51,0.56
Pethia conchonius,8.89,4.55,0.51
Pethia conchonius,9.08,4.59,0.5
Pethia conchonius,8.96,4.58,0.51
Pethia conchonius,8.38,4.55,0.54
Pethia conchonius,9.68,4.58,0.47
Pethia conchonius,9.89,4.56,0.46
Pethia conchonius,10.33,4.65,0.45
Pethia conchonius,7.7,4.56,0.59
Pethia conchonius,10.64,4.56,0.43
Pethia conchonius,9.64,4.57,0.47
Pethia conchonius,8.81,4.56,0.52
Pethia conchonius,12.42,4.63,0.37
Pethia conchonius,12.32,4.59,0.37
Pethia conchonius,12.2,4.61,0.38
Pethia conchonius,8.65,4.55,0.53
Pethia conchonius,7.85,4.55,0.58
Pethia conchonius,9.31,4.55,0.49
Pethia conchonius,9.69,4.58,0.47
Pethia conchonius,9.08,4.61,0.51
Pethia conchonius,8.03,4.52,0.56
Pethia conchonius,11.63,4.59,0.39
Pethia conchonius,11.54,4.65,0.4
Pethia conchonius,7.87,4.53,0.58
Pethia conchonius,10.18,4.59,0.45
Pethia conchonius,8.56,4.58,0.53
Pethia conchonius,9.42,4.61,0.49
Pethia conchonius,8.53,4.6,0.54
Pethia conchonius,8.72,4.56,0.52
Pethia conchonius,8.54,4.6,0.54
Pethia conchonius,10.75,4.63,0.43
Pethia conchonius,9.02,4.57,0.51
Pethia conchonius,10.65,4.59,0.43
Pethia conchonius,11.83,4.64,0.39
Pethia conchonius,9.76,4.57,0.47
Pethia conchonius,8.8,4.57,0.52
Pethia conchonius,8.14,4.52,0.56
Pethia conchonius,8.8,4.58,0.52
Pethia conchonius,11.39,4.62,0.41
Pethia conchonius,7.66,4.56,0.6
Pethia conchonius,10.17,4.6,0.45
Pethia conchonius,8.73,4.56,0.52
Pethia conchonius,8.58,4.58,0.53
Pethia conchonius,9.22,4.6,0.5
Pethia conchonius,9.58,4.58,0.48
Pethia conchonius,10.61,4.59,0.43
Pethia conchonius,7.91,4.56,0.58
Pethia conchonius,9.68,4.57,0.47
Pethia conchonius,7.79,4.58,0.59
Pethia conchonius,9.55,4.55,0.48
Pethia conchonius,8.28,4.56,0.55
Pethia conchonius,7.9,4.56,0.58
Pethia conchonius,9.8,4.62,0.47
Pethia conchonius,10.67,4.59,0.43
Pethia conchonius,8.35,4.6,0.55
Pethia conchonius,11.03,4.63,0.42
Pethia conchonius,8.99,4.58,0.51
Pethia conchonius,8.05,4.52,0.56
Pethia conchonius,10.39,4.58,0.44
Pethia conchonius,9.8,4.58,0.47
Pethia conchonius,12.62,4.6,0.36
Pethia conchonius,8.91,4.59,0.52
Pethia conchonius,8.53,4.57,0.54
Pethia conchonius,9.38,4.58,0.49
Pethia conchonius,7.89,4.58,0.58
Pethia conchonius,9.49,4.58,0.48
Pethia conchonius,7.8,4.53,0.58
Pethia conchonius,9.79,4.66,0.48
Pethia conchonius,9.35,4.56,0.49
Pethia conchonius,10.52,4.61,0.44
Pethia conchonius,8.4,4.58,0.55
Pethia conchonius,11.49,4.58,0.4
Pethia conchonius,10.35,4.59,0.44
Pethia conchonius,9.06,4.58,0.51
Pethia conchonius,9.18,4.55,0.5
Pethia conchonius,8.54,4.58,0.54
Pethia conchonius,9.62,4.55,0.47
Pethia conchonius,9.77,4.57,0.47
Pethia conchonius,11.51,4.6,0.4
Pethia conchonius,10.71,4.6,0.43
Pethia conchonius,11.6,4.62,0.4
Pethia conchonius,11.19,4.62,0.41
Pethia conchonius,10.1,4.57,0.45
Pethia conchonius,7.77,4.55,0.59
Pethia conchonius,9.73,4.61,0.47
Pethia conchonius,8.9,4.58,0.51
Pethia conchonius,8.88,4.59,0.52
Pethia conchonius,12.79,4.6,0.36
Pethia conchonius,11.35,4.68,0.41
Pethia conchonius,7.66,4.56,0.59
Pethia conchonius,11.67,4.64,0.4
Pethia conchonius,9.28,4.57,0.49
Pethia conchonius,8.09,4.58,0.57
Pethia conchonius,11.62,4.61,0.4
Pethia conchonius,8.45,4.6,0.54
Pethia conchonius,7.93,4.56,0.58
Pethia conchonius,9.51,4.57,0.48
Pethia conchonius,8.16,4.56,0.56
Pethia conchonius,10.52,4.62,0.44
Pethia conchonius,7.29,4.61,0.63
Pethia conchonius,10.38,4.6,0.44
Pethia conchonius,7.74,4.53,0.58
Pethia conchonius,10.25,4.6,0.45
Polynemus paradiseus,10.38,4.0,0.39
Polynemus paradiseus,13.53,4.1,0.3
Polynemus paradiseus,14.43,4.15,0.29
Polynemus paradiseus,13.44,4.09,0.3
Polynemus paradiseus,14.51,4.01,0.28
Polynemus paradiseus,13.86,3.95,0.28
Polynemus paradiseus,11.78,4.0,0.34
Polynemus paradiseus,11.21,3.99,0.36
Polynemus paradiseus,15.8,4.06,0.26
Polynemus paradiseus,12.63,4.09,0.32
Polynemus paradiseus,11.5,3.86,0.34
Polynemus paradiseus,15.77,3.99,0.25
Polynemus paradiseus,12.55,3.98,0.32
Polynemus paradiseus,10.11,3.93,0.39
Polynemus paradiseus,13.1,4.06,0.31
Polynemus paradiseus,12.64,3.86,0.31
Polynemus paradiseus,12.2,4.0,0.33
Polynemus paradiseus,10.84,3.97,0.37
Polynemus paradiseus,10.67,3.83,0.36
Polynemus paradiseus,11.4,4.02,0.35
Polynemus paradiseus,10.05,3.88,0.39
Polynemus paradiseus,10.81,4.29,0.4
Polynemus paradiseus,15.56,4.02,0.26
Polynemus paradiseus,13.81,4.16,0.3
Polynemus paradiseus,15.27,4.09,0.27
Polynemus paradiseus,15.6,4.11,0.26
Polynemus paradiseus,11.02,3.85,0.35
Polynemus paradiseus,14.18,3.84,0.27
Polynemus paradiseus,15.91,3.71,0.23
Polynemus paradiseus,13.01,4.12,0.32
Polynemus paradiseus,14.1,4.0,0.28
Polynemus paradiseus,13.28,4.09,0.31
Polynemus paradiseus,13.59,4.04,0.3
Polynemus paradiseus,13.63,4.06,0.3
Polynemus paradiseus,15.5,3.94,0.25
Polynemus paradiseus,10.62,4.09,0.39
Polynemus paradiseus,11.51,4.16,0.36
Polynemus paradiseus,11.36,4.0,0.35
Polynemus paradiseus,11.15,3.95,0.35
Polynemus paradiseus,12.52,3.78,0.3
Polynemus paradiseus,12.37,3.95,0.32
Polynemus paradiseus,16.33,4.0,0.25
Polynemus paradiseus,12.47,3.96,0.32
Polynemus paradiseus,12.77,4.14,0.32
Polynemus paradiseus,11.6,3.81,0.33
Polynemus paradiseus,13.62,4.14,0.3
Polynemus paradiseus,14.66,3.92,0.27
Polynemus paradiseus,12.59,3.84,0.3
Polynemus paradiseus,14.28,3.95,0.28
Polynemus paradiseus,12.82,4.13,0.32
Polynemus paradiseus,15.35,3.94,0.26
Polynemus paradiseus,13.55,3.8,0.28
Polynemus paradiseus,11.99,3.78,0.32
Polynemus paradiseus,13.16,3.86,0.29
Polynemus paradiseus,14.66,4.17,0.28
Polynemus paradiseus,11.69,4.1,0.35
Polynemus paradiseus,13.72,3.98,0.29
Polynemus paradiseus,14.31,4.04,0.28
Polynemus paradiseus,12.17,4.02,0.33
Polynemus paradiseus,10.68,3.94,0.37
Polynemus paradiseus,10.92,3.75,0.34
Polynemus paradiseus,15.99,4.12,0.26
Polynemus paradiseus,14.41,4.05,0.28
Polynemus paradiseus,12.26,3.81,0.31
Polynemus paradiseus,14.65,4.07,0.28
Polynemus paradiseus,13.23,4.05,0.31
Polynemus paradiseus,13.38,3.97,0.3
Polynemus paradiseus,10.9,3.96,0.36
Polynemus paradiseus,13.54,3.87,0.29
Polynemus paradiseus,12.63,3.9,0.31
Polynemus paradiseus,14.07,3.92,0.28
Polynemus paradiseus,13.72,3.97,0.29
Polynemus paradiseus,11.98,3.93,0.33
Polynemus paradiseus,13.05,3.94,0.3
Polynemus paradiseus,14.12,4.14,0.29
Polynemus paradiseus,11.41,3.99,0.35
Polynemus paradiseus,15.85,3.89,0.25
Polynemus paradiseus,11.9,3.86,0.32
Polynemus paradiseus,15.56,3.8,0.24
Polynemus paradiseus,16.3,4.09,0.25
Polynemus paradiseus,15.56,3.89,0.25
Polynemus paradiseus,12.63,4.13,0.33
Polynemus paradiseus,13.49,4.01,0.3
Polynemus paradiseus,10.37,4.0,0.39
Polynemus paradiseus,13.17,4.02,0.31
Polynemus paradiseus,12.75,3.88,0.3
Polynemus paradiseus,12.75,4.1,0.32
Polynemus paradiseus,15.86,3.87,0.24
Polynemus paradiseus,13.63,3.96,0.29
Polynemus paradiseus,11.42,4.02,0.35
Polynemus paradiseus,14.72,3.92,0.27
Polynemus paradiseus,14.81,4.18,0.28
Polynemus paradiseus,9.78,3.93,0.4
Polynemus paradiseus,13.1,3.89,0.3
Polynemus paradiseus,15.81,4.26,0.27
Polynemus paradiseus,11.45,4.24,0.37
Polynemus paradiseus,9.47,4.02,0.42
Polynemus paradiseus,13.1,4.02,0.31
Polynemus paradiseus,12.36,3.94,0.32
Polynemus paradiseus,13.55,3.86,0.29
Polynemus paradiseus,14.87,4.14,0.28
Polynemus paradiseus,12.05,3.93,0.33
Polynemus paradiseus,14.75,4.0,0.27
Polynemus paradiseus,12.56,4.07,0.32
Polynemus paradiseus,11.27,3.86,0.34
Polynemus paradiseus,14.93,3.9,0.26
Polynemus paradiseus,14.92,4.02,0.27
Polynemus paradiseus,12.21,3.87,0.32
Polynemus paradiseus,12.42,4.15,0.33
Polynemus paradiseus,12.34,3.98,0.32
Polynemus paradiseus,10.09,4.16,0.41
Polynemus paradiseus,11.42,3.73,0.33
Polynemus paradiseus,13.25,4.01,0.3
Polynemus paradiseus,15.13,4.17,0.28
Polynemus paradiseus,13.45,3.81,0.28
Polynemus paradiseus,16.72,4.0,0.24
Polynemus paradiseus,13.59,3.96,0.29
Polynemus paradiseus,13.89,3.97,0.29
Polynemus paradiseus,12.0,3.99,0.33
Polynemus paradiseus,10.39,4.04,0.39
Polynemus paradiseus,10.28,3.96,0.39
Polynemus paradiseus,12.42,3.93,0.32
Polynemus paradiseus,11.53,4.12,0.36
Polynemus paradiseus,11.26,3.76,0.33
Polynemus paradiseus,12.94,3.88,0.3
Polynemus paradiseus,11.92,4.08,0.34
Polynemus paradiseus,14.24,3.87,0.27
Polynemus paradiseus,13.62,4.03,0.3
Polynemus paradiseus,12.06,3.84,0.32
Polynemus paradiseus,12.08,3.96,0.33
Polynemus paradiseus,16.22,3.97,0.24
Polynemus paradiseus,10.9,4.2,0.39
Polynemus paradiseus,15.74,4.13,0.26
Polynemus paradiseus,15.71,3.73,0.24
Polynemus paradiseus,12.79,3.75,0.29
Polynemus paradiseus,11.01,4.06,0.37
Polynemus paradiseus,11.66,3.79,0.33
Polynemus paradiseus,10.42,3.95,0.38
Polynemus paradiseus,12.04,4.06,0.34
Polynemus paradiseus,15.16,3.86,0.25
Polynemus paradiseus,12.35,3.83,0.31
Polynemus paradiseus,12.52,3.99,0.32
Polynemus paradiseus,13.46,3.86,0.29
Polynemus paradiseus,10.55,3.9,0.37
Polynemus paradiseus,11.44,4.02,0.35
Polynemus paradiseus,13.77,3.88,0.28
Polynemus paradiseus,9.41,3.81,0.4
Polynemus paradiseus,14.35,4.1,0.29
Polynemus paradiseus,14.2,3.86,0.27
Polynemus paradiseus,12.98,4.17,0.32
Polynemus paradiseus,13.12,3.9,0.3
Polynemus paradiseus,13.78,3.78,0.27
Polynemus paradiseus,11.77,3.96,0.34
Polynemus paradiseus,16.48,4.15,0.25
Polynemus paradiseus,14.78,3.86,0.26
Polynemus paradiseus,12.66,4.12,0.33
Polynemus paradiseus,15.43,3.99,0.26
Polynemus paradiseus,13.44,4.04,0.3
Polynemus paradiseus,14.43,4.02,0.28
Polynemus paradiseus,13.19,4.05,0.31
Polynemus paradiseus,11.6,3.89,0.33
Polynemus paradiseus,15.16,4.09,0.27
Polynemus paradiseus,11.9,3.77,0.32
Polynemus paradiseus,15.13,4.25,0.28
Polynemus paradiseus,10.19,3.91,0.38
Polynemus paradiseus,10.16,4.2,0.41
Polynemus paradiseus,12.1,3.74,0.31
Polynemus paradiseus,11.22,3.87,0.34
Polynemus paradiseus,14.72,3.85,0.26
Polynemus paradiseus,16.17,3.97,0.25
Polynemus paradiseus,14.93,3.91,0.26
Polynemus paradiseus,10.73,4.14,0.39
Polynemus paradiseus,13.05,3.98,0.31
Polynemus paradiseus,10.88,3.81,0.35
Polynemus paradiseus,12.12,3.77,0.31
Polynemus paradiseus,13.26,4.04,0.3
Polynemus paradiseus,13.58,4.22,0.31
Polynemus paradiseus,13.01,3.98,0.31
Polynemus paradiseus,12.13,3.92,0.32
Polynemus paradiseus,12.5,3.91,0.31
Polynemus paradiseus,12.13,4.03,0.33
Polynemus paradiseus,11.4,3.94,0.35
Polynemus paradiseus,14.11,4.11,0.29
Polynemus paradiseus,12.02,4.04,0.34
Polynemus paradiseus,12.35,3.84,0.31
Polynemus paradiseus,11.7,3.79,0.32
Polynemus paradiseus,11.25,4.23,0.38
Polynemus paradiseus,10.88,4.1,0.38
Polynemus paradiseus,11.8,3.9,0.33
Polynemus paradiseus,11.65,4.19,0.36
Polynemus paradiseus,12.67,3.97,0.31
Polynemus paradiseus,14.02,3.95,0.28
Polynemus paradiseus,14.75,4.22,0.29
Polynemus paradiseus,13.89,4.12,0.3
Polynemus paradiseus,15.15,3.99,0.26
Polynemus paradiseus,12.43,3.9,0.31
Polynemus paradiseus,12.14,3.99,0.33
Polynemus paradiseus,13.24,4.15,0.31
Polynemus paradiseus,14.42,3.99,0.28
Polynemus paradiseus,11.87,4.13,0.35
Polynemus paradiseus,13.65,3.9,0.29
Polynemus paradiseus,11.7,4.19,0.36
Polynemus paradiseus,10.32,3.96,0.38
Polynemus paradiseus,11.51,4.13,0.36
Polynemus paradiseus,13.04,4.1,0.31
Polynemus paradiseus,10.5,3.85,0.37
Polynemus paradiseus,13.48,4.2,0.31
Polynemus paradiseus,15.08,3.98,0.26
Polynemus paradiseus,10.35,4.18,0.4
Polynemus paradiseus,13.57,4.2,0.31
Polynemus paradiseus,13.14,3.88,0.29
Polynemus paradiseus,15.15,4.07,0.27
Polynemus paradiseus,12.45,3.9,0.31
Polynemus paradiseus,12.63,4.1,0.32
Polynemus paradiseus,14.62,4.0,0.27
Polynemus paradiseus,14.78,4.0,0.27
Polynemus paradiseus,11.34,4.05,0.36
Polynemus paradiseus,13.45,3.97,0.3
Polynemus paradiseus,11.75,3.75,0.32
Polynemus paradiseus,12.01,3.98,0.33
Polynemus paradiseus,10.43,4.02,0.39
Polynemus paradiseus,15.51,3.84,0.25
Polynemus paradiseus,14.75,3.9,0.26
Polynemus paradiseus,13.48,3.89,0.29
Polynemus paradiseus,10.14,4.02,0.4
Polynemus paradiseus,12.42,4.16,0.33
Polynemus paradiseus,11.21,4.25,0.38
Polynemus paradiseus,13.23,4.06,0.31
Polynemus paradiseus,14.42,4.03,0.28
Polynemus paradiseus,14.35,4.02,0.28
Polynemus paradiseus,11.11,4.14,0.37
Polynemus paradiseus,12.42,3.94,0.32
Polynemus paradiseus,14.03,4.05,0.29
Polynemus paradiseus,12.48,4.04,0.32
Polynemus paradiseus,11.19,4.25,0.38
Polynemus paradiseus,14.77,4.19,0.28
Polynemus paradiseus,14.75,4.28,0.29
Polynemus paradiseus,11.32,3.81,0.34
Polynemus paradiseus,11.07,4.21,0.38
Polynemus paradiseus,11.98,3.87,0.32
Polynemus paradiseus,14.93,3.92,0.26
Polynemus paradiseus,12.06,4.06,0.34
Polynemus paradiseus,14.06,3.88,0.28
Polynemus paradiseus,11.6,4.2,0.36
Polynemus paradiseus,14.32,4.04,0.28
Polynemus paradiseus,10.25,4.17,0.41
Polynemus paradiseus,13.96,3.89,0.28
Polynemus paradiseus,9.49,4.03,0.42
Polynemus paradiseus,10.64,4.08,0.38
Polynemus paradiseus,13.19,3.88,0.29
Polynemus paradiseus,10.68,3.98,0.37
Polynemus paradiseus,10.5,3.95,0.38
Polynemus paradiseus,13.58,4.02,0.3
Polynemus paradiseus,12.11,4.06,0.34
Polynemus paradiseus,12.46,3.87,0.31
Polynemus paradiseus,12.58,3.91,0.31
Polynemus paradiseus,13.71,4.03,0.29
Polynemus paradiseus,16.61,4.0,0.24
Polynemus paradiseus,11.26,3.81,0.34
Polynemus paradiseus,12.85,4.0,0.31
Polynemus paradiseus,13.96,3.94,0.28
Polynemus paradiseus,15.01,3.98,0.27
Polynemus paradiseus,9.59,4.19,0.44
Polynemus paradiseus,12.58,4.07,0.32
Polynemus paradiseus,11.78,3.97,0.34
Polynemus paradiseus,13.27,3.69,0.28
Polynemus paradiseus,13.19,3.94,0.3
Polynemus paradiseus,14.26,4.11,0.29
Polynemus paradiseus,16.03,4.09,0.26
Polynemus paradiseus,11.92,4.34,0.36
Polynemus paradiseus,16.22,4.06,0.25
Polynemus paradiseus,13.01,4.15,0.32
Polynemus paradiseus,15.48,4.12,0.27
Polynemus paradiseus,14.56,3.98,0.27
Polynemus paradiseus,12.51,3.9,0.31
Polynemus paradiseus,11.03,3.92,0.36
Polynemus paradiseus,14.94,3.84,0.26
Polynemus paradiseus,9.59,4.14,0.43
Polynemus paradiseus,14.45,3.97,0.27
Polynemus paradiseus,11.3,3.95,0.35
Polynemus paradiseus,15.55,4.03,0.26
Polynemus paradiseus,14.18,3.81,0.27
Polynemus paradiseus,11.68,4.07,0.35
Polynemus paradiseus,11.58,3.89,0.34
Polynemus paradiseus,13.42,4.08,0.3
Polynemus paradiseus,14.97,4.03,0.27
Polynemus paradiseus,15.07,3.92,0.26
Polynemus paradiseus,14.0,4.12,0.29
Polynemus paradiseus,12.35,3.88,0.31
Polynemus paradiseus,11.67,3.87,0.33
Polynemus paradiseus,13.26,4.07,0.31
Polynemus paradiseus,13.28,4.0,0.3
Polynemus paradiseus,12.83,4.19,0.33
Polynemus paradiseus,12.11,4.0,0.33
Polynemus paradiseus,13.54,3.84,0.28
Polynemus paradiseus,14.68,4.0,0.27
Polynemus paradiseus,14.14,4.04,0.29
Polynemus paradiseus,10.2,3.75,0.37
Polynemus paradiseus,15.64,3.98,0.25
Polynemus paradiseus,11.07,3.93,0.36
Polynemus paradiseus,13.14,4.22,0.32
Polynemus paradiseus,12.79,4.0,0.31
Polynemus paradiseus,11.37,4.07,0.36
Polynemus paradiseus,10.21,4.0,0.39
Polynemus paradiseus,15.54,4.08,0.26
Polynemus paradiseus,14.21,3.82,0.27
Polynemus paradiseus,11.85,3.94,0.33
Polynemus paradiseus,15.03,4.12,0.27
Polynemus paradiseus,15.72,3.94,0.25
Polynemus paradiseus,15.84,3.92,0.25
Polynemus paradiseus,11.72,3.97,0.34
Polynemus paradiseus,15.49,3.95,0.25
Polynemus paradiseus,11.68,3.96,0.34
Polynemus paradiseus,12.96,4.03,0.31
Polynemus paradiseus,14.27,4.03,0.28
Polynemus paradiseus,12.89,3.9,0.3
Polynemus paradiseus,12.9,4.11,0.32
Polynemus paradiseus,12.36,3.84,0.31
Polynemus paradiseus,12.44,3.91,0.31
Polynemus paradiseus,15.32,4.03,0.26
Polynemus paradiseus,13.94,4.04,0.29
Polynemus paradiseus,13.21,3.97,0.3
Polynemus paradiseus,13.39,4.11,0.31
Polynemus paradiseus,11.97,4.08,0.34
Polynemus paradiseus,14.54,3.96,0.27
Polynemus paradiseus,13.37,4.04,0.3
Polynemus paradiseus,14.99,4.09,0.27
Polynemus paradiseus,12.95,4.04,0.31
Polynemus paradiseus,12.9,3.94,0.31
Polynemus paradiseus,14.66,4.0,0.27
Polynemus paradiseus,13.19,3.94,0.3
Polynemus paradiseus,14.09,3.84,0.27
Polynemus paradiseus,13.31,3.88,0.29
Polynemus paradiseus,13.74,3.86,0.28
Polynemus paradiseus,15.9,4.13,0.26
Polynemus paradiseus,9.62,3.84,0.4
Polynemus paradiseus,12.78,4.21,0.33
Polynemus paradiseus,13.78,4.08,0.3
Polynemus paradiseus,14.46,3.83,0.26
Polynemus paradiseus,9.38,4.05,0.43
Polynemus paradiseus,15.74,3.81,0.24
Polynemus paradiseus,11.94,3.87,0.32
Polynemus paradiseus,12.4,4.09,0.33
Polynemus paradiseus,13.36,3.76,0.28
Polynemus paradiseus,10.67,4.02,0.38
Polynemus paradiseus,11.27,3.99,0.35
Polynemus paradiseus,11.64,4.01,0.34
Polynemus paradiseus,12.58,3.88,0.31
Polynemus paradiseus,13.64,3.87,0.28
Polynemus paradiseus,15.42,3.95,0.26
Polynemus paradiseus,15.79,4.1,0.26
Polynemus paradiseus,11.55,3.96,0.34
Polynemus paradiseus,14.15,3.94,0.28
Polynemus paradiseus,12.2,3.89,0.32
Polynemus paradiseus,11.09,4.11,0.37
Polynemus paradiseus,14.29,3.93,0.27
Polynemus paradiseus,11.18,4.01,0.36
Polynemus paradiseus,13.07,3.77,0.29
Polynemus paradiseus,13.13,4.09,0.31
Polynemus paradiseus,14.62,4.01,0.27
Polynemus paradiseus,11.12,3.99,0.36
Polynemus paradiseus,13.69,4.29,0.31
Polynemus paradiseus,10.99,3.94,0.36
Polynemus paradiseus,13.18,3.75,0.28
Polynemus paradiseus,12.49,4.07,0.33
Polynemus paradiseus,10.91,3.9,0.36
Polynemus paradiseus,15.37,3.85,0.25
Polynemus paradiseus,11.63,3.92,0.34
Polynemus paradiseus,13.22,3.89,0.29
Polynemus paradiseus,14.44,4.17,0.29
Polynemus paradiseus,15.37,4.08,0.27
Polynemus paradiseus,16.52,3.96,0.24
Polynemus paradiseus,11.52,3.77,0.33
Polynemus paradiseus,13.1,3.98,0.3
Polynemus paradiseus,11.81,3.91,0.33
Polynemus paradiseus,13.21,4.11,0.31
Polynemus paradiseus,14.85,4.19,0.28
Polynemus paradiseus,16.57,3.99,0.24
Polynemus paradiseus,12.35,4.02,0.33
Polynemus paradiseus,14.13,4.01,0.28
Polynemus paradiseus,11.52,4.04,0.35
Polynemus paradiseus,15.37,4.16,0.27
Polynemus paradiseus,12.91,3.94,0.31
Polynemus paradiseus,13.41,3.86,0.29
Polynemus paradiseus,11.05,3.92,0.35
Polynemus paradiseus,14.48,4.06,0.28
Polynemus paradiseus,11.41,4.02,0.35
Polynemus paradiseus,10.72,3.97,0.37
Polynemus paradiseus,12.21,4.1,0.34
Polynemus paradiseus,13.09,4.01,0.31
Polynemus paradiseus,12.78,3.98,0.31
Polynemus paradiseus,12.53,4.0,0.32
Polynemus paradiseus,15.44,4.1,0.27
Polynemus paradiseus,12.03,4.16,0.35
Polynemus paradiseus,12.5,3.91,0.31
Polynemus paradiseus,12.74,4.22,0.33
Polynemus paradiseus,13.3,3.93,0.3
Polynemus paradiseus,13.12,4.06,0.31
Polynemus paradiseus,14.69,4.13,0.28
Polynemus paradiseus,12.63,3.77,0.3
Polynemus paradiseus,13.21,4.05,0.31
Polynemus paradiseus,10.19,4.03,0.4
Polynemus paradiseus,12.11,4.02,0.33
Polynemus paradiseus,12.44,3.85,0.31
Polynemus paradiseus,14.33,4.06,0.28
Polynemus paradiseus,12.29,3.87,0.31
Polynemus paradiseus,11.28,4.12,0.37
Polynemus paradiseus,10.32,4.12,0.4
Polynemus paradiseus,12.93,4.03,0.31
Polynemus paradiseus,9.41,3.93,0.42
Polynemus paradiseus,10.99,3.88,0.35
Polynemus paradiseus,11.28,3.74,0.33
Polynemus paradiseus,11.57,4.01,0.35
Polynemus paradiseus,10.09,3.92,0.39
Polynemus paradiseus,15.61,4.01,0.26
Polynemus paradiseus,11.28,4.12,0.36
Polynemus paradiseus,11.38,3.9,0.34
Polynemus paradiseus,11.28,3.97,0.35
Polynemus paradiseus,11.11,3.85,0.35
Polynemus paradiseus,10.37,4.0,0.39
Polynemus paradiseus,9.72,4.06,0.42
Polynemus paradiseus,13.79,3.94,0.29
Polynemus paradiseus,10.21,3.91,0.38
Polynemus paradiseus,15.14,3.95,0.26
Polynemus paradiseus,12.39,4.11,0.33
Polynemus paradiseus,11.23,3.89,0.35
Polynemus paradiseus,12.95,4.02,0.31
Polynemus paradiseus,12.15,3.88,0.32
Polynemus paradiseus,13.63,3.7,0.27
Polynemus paradiseus,16.22,4.09,0.25
Polynemus paradiseus,13.59,4.14,0.3
Polynemus paradiseus,14.24,4.11,0.29
Polynemus paradiseus,13.19,3.88,0.29
Polynemus paradiseus,13.87,3.93,0.28
Polynemus paradiseus,11.14,3.9,0.35
Polynemus paradiseus,10.98,4.09,0.37
Polynemus paradiseus,16.44,3.95,0.24
Polynemus paradiseus,13.82,3.93,0.28
Polynemus paradiseus,11.33,4.09,0.36
Polynemus paradiseus,12.93,4.02,0.31
Polynemus paradiseus,11.89,3.94,0.33
Polynemus paradiseus,14.22,4.07,0.29
Polynemus paradiseus,11.96,3.96,0.33
Polynemus paradiseus,13.81,3.96,0.29
Polynemus paradiseus,14.84,3.98,0.27
Polynemus paradiseus,12.89,3.89,0.3
Polynemus paradiseus,12.43,3.93,0.32
Polynemus paradiseus,14.6,4.29,0.29
Polynemus paradiseus,12.16,3.8,0.31
Polynemus paradiseus,13.23,3.88,0.29
Polynemus paradiseus,11.81,3.9,0.33
Polynemus paradiseus,12.67,4.04,0.32
Polynemus paradiseus,13.44,4.02,0.3
Polynemus paradiseus,11.61,4.02,0.35
Polynemus paradiseus,12.96,4.08,0.31
Polynemus paradiseus,9.75,4.04,0.41
Polynemus paradiseus,11.49,3.96,0.34
Polynemus paradiseus,15.06,3.95,0.26